--------------------------------------------------------
  
--------------------------------------------------------
--------------------------------------------------------
--  DDL for Table CAR_INVENTORY
--------------------------------------------------------

  CREATE TABLE "DB999"."CAR_INVENTORY" 
   (	"CAR_INVENTORY_ID" NUMBER, 
	"VEHICLE_ID" NUMBER, 
	"DEALERSHIP_ID" NUMBER, 
	"PURCHASING_COST" NUMBER(10,2), 
	"QUANTITY" NUMBER DEFAULT 1
   ) SEGMENT CREATION IMMEDIATE 
  PCTFREE 10 PCTUSED 40 INITRANS 1 MAXTRANS 255 
 NOCOMPRESS LOGGING
  STORAGE(INITIAL 65536 NEXT 1048576 MINEXTENTS 1 MAXEXTENTS 2147483645
  PCTINCREASE 0 FREELISTS 1 FREELIST GROUPS 1
  BUFFER_POOL DEFAULT FLASH_CACHE DEFAULT CELL_FLASH_CACHE DEFAULT)
  TABLESPACE "STUDENTS" ;
--------------------------------------------------------
--  DDL for Table CUSTOMERS
--------------------------------------------------------

  CREATE TABLE "DB999"."CUSTOMERS" 
   (	"CUSTOMER_ID" NUMBER, 
	"FIRST_NAME" VARCHAR2(50 BYTE), 
	"LAST_NAME" VARCHAR2(50 BYTE), 
	"EMAIL" VARCHAR2(100 BYTE), 
	"PHONE_NUMBER" VARCHAR2(15 BYTE), 
	"STREET_ADDRESS" VARCHAR2(100 BYTE), 
	"CITY" VARCHAR2(50 BYTE), 
	"STATE" CHAR(2 BYTE), 
	"ZIP_CODE" VARCHAR2(10 BYTE)
   ) SEGMENT CREATION IMMEDIATE 
  PCTFREE 10 PCTUSED 40 INITRANS 1 MAXTRANS 255 
 NOCOMPRESS LOGGING
  STORAGE(INITIAL 65536 NEXT 1048576 MINEXTENTS 1 MAXEXTENTS 2147483645
  PCTINCREASE 0 FREELISTS 1 FREELIST GROUPS 1
  BUFFER_POOL DEFAULT FLASH_CACHE DEFAULT CELL_FLASH_CACHE DEFAULT)
  TABLESPACE "STUDENTS" ;
--------------------------------------------------------
--  DDL for Table DEALERSHIPS
--------------------------------------------------------

  CREATE TABLE "DB999"."DEALERSHIPS" 
   (	"DEALERSHIP_ID" NUMBER, 
	"NAME" VARCHAR2(100 BYTE), 
	"STREET_ADDRESS" VARCHAR2(100 BYTE), 
	"CITY" VARCHAR2(50 BYTE), 
	"STATE" CHAR(2 BYTE), 
	"ZIP_CODE" VARCHAR2(10 BYTE), 
	"PHONE_NUMBER" VARCHAR2(15 BYTE)
   ) SEGMENT CREATION IMMEDIATE 
  PCTFREE 10 PCTUSED 40 INITRANS 1 MAXTRANS 255 
 NOCOMPRESS LOGGING
  STORAGE(INITIAL 65536 NEXT 1048576 MINEXTENTS 1 MAXEXTENTS 2147483645
  PCTINCREASE 0 FREELISTS 1 FREELIST GROUPS 1
  BUFFER_POOL DEFAULT FLASH_CACHE DEFAULT CELL_FLASH_CACHE DEFAULT)
  TABLESPACE "STUDENTS" ;
--------------------------------------------------------
--  DDL for Table DP_EMPLOYEES
--------------------------------------------------------

  CREATE TABLE "DB999"."DP_EMPLOYEES" 
   (	"EMPLOYEE_ID" NUMBER, 
	"FIRST_NAME" VARCHAR2(50 BYTE), 
	"LAST_NAME" VARCHAR2(50 BYTE), 
	"EMAIL" VARCHAR2(100 BYTE), 
	"PHONE_NUMBER" VARCHAR2(15 BYTE), 
	"JOB_TITLE" VARCHAR2(50 BYTE), 
	"DEALERSHIP_ID" NUMBER
   ) SEGMENT CREATION IMMEDIATE 
  PCTFREE 10 PCTUSED 40 INITRANS 1 MAXTRANS 255 
 NOCOMPRESS LOGGING
  STORAGE(INITIAL 65536 NEXT 1048576 MINEXTENTS 1 MAXEXTENTS 2147483645
  PCTINCREASE 0 FREELISTS 1 FREELIST GROUPS 1
  BUFFER_POOL DEFAULT FLASH_CACHE DEFAULT CELL_FLASH_CACHE DEFAULT)
  TABLESPACE "STUDENTS" ;
--------------------------------------------------------
--  DDL for Table INSURANCE
--------------------------------------------------------

  CREATE TABLE "DB999"."INSURANCE" 
   (	"INSURANCE_ID" NUMBER, 
	"POLICY_NUMBER" VARCHAR2(50 BYTE), 
	"COVERAGE_TYPE" VARCHAR2(50 BYTE), 
	"START_DATE" DATE, 
	"END_DATE" DATE, 
	"PRICE" NUMBER(10,2), 
	"VEHICLE_ID" NUMBER(6,0)
   ) SEGMENT CREATION IMMEDIATE 
  PCTFREE 10 PCTUSED 40 INITRANS 1 MAXTRANS 255 
 NOCOMPRESS LOGGING
  STORAGE(INITIAL 65536 NEXT 1048576 MINEXTENTS 1 MAXEXTENTS 2147483645
  PCTINCREASE 0 FREELISTS 1 FREELIST GROUPS 1
  BUFFER_POOL DEFAULT FLASH_CACHE DEFAULT CELL_FLASH_CACHE DEFAULT)
  TABLESPACE "STUDENTS" ;
--------------------------------------------------------
--  DDL for Table SALES
--------------------------------------------------------

  CREATE TABLE "DB999"."SALES" 
   (	"SALE_ID" NUMBER, 
	"CUSTOMER_ID" NUMBER, 
	"CAR_INVENTORY_ID" NUMBER, 
	"EMPLOYEE_ID" NUMBER, 
	"SALE_DATE" DATE, 
	"PRICE_PAID" NUMBER(10,2)
   ) SEGMENT CREATION IMMEDIATE 
  PCTFREE 10 PCTUSED 40 INITRANS 1 MAXTRANS 255 
 NOCOMPRESS LOGGING
  STORAGE(INITIAL 65536 NEXT 1048576 MINEXTENTS 1 MAXEXTENTS 2147483645
  PCTINCREASE 0 FREELISTS 1 FREELIST GROUPS 1
  BUFFER_POOL DEFAULT FLASH_CACHE DEFAULT CELL_FLASH_CACHE DEFAULT)
  TABLESPACE "STUDENTS" ;
--------------------------------------------------------
--  DDL for Table VEHICLES
--------------------------------------------------------

  CREATE TABLE "DB999"."VEHICLES" 
   (	"VEHICLE_ID" NUMBER, 
	"MAKE" VARCHAR2(50 BYTE), 
	"MODEL" VARCHAR2(50 BYTE), 
	"YEAR" NUMBER, 
	"COLOR" VARCHAR2(50 BYTE), 
	"FACTORY_PRICE" NUMBER(10,2)
   ) SEGMENT CREATION IMMEDIATE 
  PCTFREE 10 PCTUSED 40 INITRANS 1 MAXTRANS 255 
 NOCOMPRESS LOGGING
  STORAGE(INITIAL 65536 NEXT 1048576 MINEXTENTS 1 MAXEXTENTS 2147483645
  PCTINCREASE 0 FREELISTS 1 FREELIST GROUPS 1
  BUFFER_POOL DEFAULT FLASH_CACHE DEFAULT CELL_FLASH_CACHE DEFAULT)
  TABLESPACE "STUDENTS" ;
REM INSERTING into DB999.CAR_INVENTORY
SET DEFINE OFF;
Insert into DB999.CAR_INVENTORY (CAR_INVENTORY_ID,VEHICLE_ID,DEALERSHIP_ID,PURCHASING_COST,QUANTITY) values (1,1,3,23000,5);
Insert into DB999.CAR_INVENTORY (CAR_INVENTORY_ID,VEHICLE_ID,DEALERSHIP_ID,PURCHASING_COST,QUANTITY) values (2,2,7,25000,8);
Insert into DB999.CAR_INVENTORY (CAR_INVENTORY_ID,VEHICLE_ID,DEALERSHIP_ID,PURCHASING_COST,QUANTITY) values (3,3,12,22000,7);
Insert into DB999.CAR_INVENTORY (CAR_INVENTORY_ID,VEHICLE_ID,DEALERSHIP_ID,PURCHASING_COST,QUANTITY) values (4,4,15,20000,4);
Insert into DB999.CAR_INVENTORY (CAR_INVENTORY_ID,VEHICLE_ID,DEALERSHIP_ID,PURCHASING_COST,QUANTITY) values (5,5,18,21000,6);
Insert into DB999.CAR_INVENTORY (CAR_INVENTORY_ID,VEHICLE_ID,DEALERSHIP_ID,PURCHASING_COST,QUANTITY) values (6,6,20,24000,9);
Insert into DB999.CAR_INVENTORY (CAR_INVENTORY_ID,VEHICLE_ID,DEALERSHIP_ID,PURCHASING_COST,QUANTITY) values (7,7,1,22500,5);
Insert into DB999.CAR_INVENTORY (CAR_INVENTORY_ID,VEHICLE_ID,DEALERSHIP_ID,PURCHASING_COST,QUANTITY) values (8,8,6,20500,3);
Insert into DB999.CAR_INVENTORY (CAR_INVENTORY_ID,VEHICLE_ID,DEALERSHIP_ID,PURCHASING_COST,QUANTITY) values (9,9,10,23000,6);
Insert into DB999.CAR_INVENTORY (CAR_INVENTORY_ID,VEHICLE_ID,DEALERSHIP_ID,PURCHASING_COST,QUANTITY) values (10,10,13,24500,8);
Insert into DB999.CAR_INVENTORY (CAR_INVENTORY_ID,VEHICLE_ID,DEALERSHIP_ID,PURCHASING_COST,QUANTITY) values (11,11,2,40000,4);
Insert into DB999.CAR_INVENTORY (CAR_INVENTORY_ID,VEHICLE_ID,DEALERSHIP_ID,PURCHASING_COST,QUANTITY) values (12,12,9,43000,6);
Insert into DB999.CAR_INVENTORY (CAR_INVENTORY_ID,VEHICLE_ID,DEALERSHIP_ID,PURCHASING_COST,QUANTITY) values (13,13,16,39000,5);
Insert into DB999.CAR_INVENTORY (CAR_INVENTORY_ID,VEHICLE_ID,DEALERSHIP_ID,PURCHASING_COST,QUANTITY) values (14,14,17,41000,3);
Insert into DB999.CAR_INVENTORY (CAR_INVENTORY_ID,VEHICLE_ID,DEALERSHIP_ID,PURCHASING_COST,QUANTITY) values (15,15,20,38000,6);
Insert into DB999.CAR_INVENTORY (CAR_INVENTORY_ID,VEHICLE_ID,DEALERSHIP_ID,PURCHASING_COST,QUANTITY) values (16,16,5,36000,7);
Insert into DB999.CAR_INVENTORY (CAR_INVENTORY_ID,VEHICLE_ID,DEALERSHIP_ID,PURCHASING_COST,QUANTITY) values (17,17,11,37000,5);
Insert into DB999.CAR_INVENTORY (CAR_INVENTORY_ID,VEHICLE_ID,DEALERSHIP_ID,PURCHASING_COST,QUANTITY) values (18,18,14,35000,4);
Insert into DB999.CAR_INVENTORY (CAR_INVENTORY_ID,VEHICLE_ID,DEALERSHIP_ID,PURCHASING_COST,QUANTITY) values (19,19,19,44000,6);
Insert into DB999.CAR_INVENTORY (CAR_INVENTORY_ID,VEHICLE_ID,DEALERSHIP_ID,PURCHASING_COST,QUANTITY) values (20,20,8,43000,8);
Insert into DB999.CAR_INVENTORY (CAR_INVENTORY_ID,VEHICLE_ID,DEALERSHIP_ID,PURCHASING_COST,QUANTITY) values (21,21,4,26000,5);
Insert into DB999.CAR_INVENTORY (CAR_INVENTORY_ID,VEHICLE_ID,DEALERSHIP_ID,PURCHASING_COST,QUANTITY) values (22,22,12,27000,7);
Insert into DB999.CAR_INVENTORY (CAR_INVENTORY_ID,VEHICLE_ID,DEALERSHIP_ID,PURCHASING_COST,QUANTITY) values (23,23,1,25000,4);
Insert into DB999.CAR_INVENTORY (CAR_INVENTORY_ID,VEHICLE_ID,DEALERSHIP_ID,PURCHASING_COST,QUANTITY) values (24,24,7,23000,6);
Insert into DB999.CAR_INVENTORY (CAR_INVENTORY_ID,VEHICLE_ID,DEALERSHIP_ID,PURCHASING_COST,QUANTITY) values (25,25,20,24000,9);
Insert into DB999.CAR_INVENTORY (CAR_INVENTORY_ID,VEHICLE_ID,DEALERSHIP_ID,PURCHASING_COST,QUANTITY) values (26,26,3,25000,5);
Insert into DB999.CAR_INVENTORY (CAR_INVENTORY_ID,VEHICLE_ID,DEALERSHIP_ID,PURCHASING_COST,QUANTITY) values (27,27,6,22000,3);
Insert into DB999.CAR_INVENTORY (CAR_INVENTORY_ID,VEHICLE_ID,DEALERSHIP_ID,PURCHASING_COST,QUANTITY) values (28,28,10,21000,6);
Insert into DB999.CAR_INVENTORY (CAR_INVENTORY_ID,VEHICLE_ID,DEALERSHIP_ID,PURCHASING_COST,QUANTITY) values (29,29,16,25000,8);
Insert into DB999.CAR_INVENTORY (CAR_INVENTORY_ID,VEHICLE_ID,DEALERSHIP_ID,PURCHASING_COST,QUANTITY) values (30,30,15,26000,7);
Insert into DB999.CAR_INVENTORY (CAR_INVENTORY_ID,VEHICLE_ID,DEALERSHIP_ID,PURCHASING_COST,QUANTITY) values (31,31,9,50000,4);
Insert into DB999.CAR_INVENTORY (CAR_INVENTORY_ID,VEHICLE_ID,DEALERSHIP_ID,PURCHASING_COST,QUANTITY) values (32,32,2,52000,6);
Insert into DB999.CAR_INVENTORY (CAR_INVENTORY_ID,VEHICLE_ID,DEALERSHIP_ID,PURCHASING_COST,QUANTITY) values (33,33,11,48000,5);
Insert into DB999.CAR_INVENTORY (CAR_INVENTORY_ID,VEHICLE_ID,DEALERSHIP_ID,PURCHASING_COST,QUANTITY) values (34,34,18,51000,3);
Insert into DB999.CAR_INVENTORY (CAR_INVENTORY_ID,VEHICLE_ID,DEALERSHIP_ID,PURCHASING_COST,QUANTITY) values (35,35,14,47000,6);
Insert into DB999.CAR_INVENTORY (CAR_INVENTORY_ID,VEHICLE_ID,DEALERSHIP_ID,PURCHASING_COST,QUANTITY) values (36,36,19,45000,7);
Insert into DB999.CAR_INVENTORY (CAR_INVENTORY_ID,VEHICLE_ID,DEALERSHIP_ID,PURCHASING_COST,QUANTITY) values (37,37,1,46000,5);
Insert into DB999.CAR_INVENTORY (CAR_INVENTORY_ID,VEHICLE_ID,DEALERSHIP_ID,PURCHASING_COST,QUANTITY) values (38,38,16,44000,4);
Insert into DB999.CAR_INVENTORY (CAR_INVENTORY_ID,VEHICLE_ID,DEALERSHIP_ID,PURCHASING_COST,QUANTITY) values (39,39,12,54000,6);
Insert into DB999.CAR_INVENTORY (CAR_INVENTORY_ID,VEHICLE_ID,DEALERSHIP_ID,PURCHASING_COST,QUANTITY) values (40,40,8,53000,8);
Insert into DB999.CAR_INVENTORY (CAR_INVENTORY_ID,VEHICLE_ID,DEALERSHIP_ID,PURCHASING_COST,QUANTITY) values (41,41,5,28000,1);
REM INSERTING into DB999.CUSTOMERS
SET DEFINE OFF;
Insert into DB999.CUSTOMERS (CUSTOMER_ID,FIRST_NAME,LAST_NAME,EMAIL,PHONE_NUMBER,STREET_ADDRESS,CITY,STATE,ZIP_CODE) values (1,'John','Smith','johnsmith@email.com','555-555-5501','1 Main St','Los Angeles','CA','90001');
Insert into DB999.CUSTOMERS (CUSTOMER_ID,FIRST_NAME,LAST_NAME,EMAIL,PHONE_NUMBER,STREET_ADDRESS,CITY,STATE,ZIP_CODE) values (2,'Jane','Doe','janedoe@email.com','555-555-5502','2 Maple Dr','New York','NY','10001');
Insert into DB999.CUSTOMERS (CUSTOMER_ID,FIRST_NAME,LAST_NAME,EMAIL,PHONE_NUMBER,STREET_ADDRESS,CITY,STATE,ZIP_CODE) values (3,'Michael','Brown','michaelbrown@email.com','555-555-5503','3 Oak St','Chicago','IL','60601');
Insert into DB999.CUSTOMERS (CUSTOMER_ID,FIRST_NAME,LAST_NAME,EMAIL,PHONE_NUMBER,STREET_ADDRESS,CITY,STATE,ZIP_CODE) values (4,'Emma','Jones','emmajones@email.com','555-555-5504','4 Pine St','Houston','TX','77001');
Insert into DB999.CUSTOMERS (CUSTOMER_ID,FIRST_NAME,LAST_NAME,EMAIL,PHONE_NUMBER,STREET_ADDRESS,CITY,STATE,ZIP_CODE) values (5,'Christopher','Davis','christopherdavis@email.com','555-555-5505','5 Cedar St','Washington','DC','20001');
Insert into DB999.CUSTOMERS (CUSTOMER_ID,FIRST_NAME,LAST_NAME,EMAIL,PHONE_NUMBER,STREET_ADDRESS,CITY,STATE,ZIP_CODE) values (6,'Adam','White','adamwhite@email.com','555-555-5551','1014 Forest St','Miami','FL','33101');
Insert into DB999.CUSTOMERS (CUSTOMER_ID,FIRST_NAME,LAST_NAME,EMAIL,PHONE_NUMBER,STREET_ADDRESS,CITY,STATE,ZIP_CODE) values (7,'Olivia','Taylor','oliviataylor@email.com','555-555-5552','2025 Willow Ln','Dallas','TX','75201');
Insert into DB999.CUSTOMERS (CUSTOMER_ID,FIRST_NAME,LAST_NAME,EMAIL,PHONE_NUMBER,STREET_ADDRESS,CITY,STATE,ZIP_CODE) values (8,'Ethan','Martin','ethanmartin@email.com','555-555-5553','3036 Oak St','San Francisco','CA','94101');
Insert into DB999.CUSTOMERS (CUSTOMER_ID,FIRST_NAME,LAST_NAME,EMAIL,PHONE_NUMBER,STREET_ADDRESS,CITY,STATE,ZIP_CODE) values (9,'Sophia','Clark','sophiaclark@email.com','555-555-5554','4047 Elm St','Seattle','WA','98101');
Insert into DB999.CUSTOMERS (CUSTOMER_ID,FIRST_NAME,LAST_NAME,EMAIL,PHONE_NUMBER,STREET_ADDRESS,CITY,STATE,ZIP_CODE) values (10,'William','Lewis','williamlewis@email.com','555-555-5555','5058 Maple Dr','Denver','CO','80201');
Insert into DB999.CUSTOMERS (CUSTOMER_ID,FIRST_NAME,LAST_NAME,EMAIL,PHONE_NUMBER,STREET_ADDRESS,CITY,STATE,ZIP_CODE) values (11,'Isabella','Young','isabellayoung@email.com','555-555-5556','6069 Pine St','Atlanta','GA','30301');
Insert into DB999.CUSTOMERS (CUSTOMER_ID,FIRST_NAME,LAST_NAME,EMAIL,PHONE_NUMBER,STREET_ADDRESS,CITY,STATE,ZIP_CODE) values (12,'Noah','Hall','noahhall@email.com','555-555-5557','7070 Birch St','Boston','MA','2101');
Insert into DB999.CUSTOMERS (CUSTOMER_ID,FIRST_NAME,LAST_NAME,EMAIL,PHONE_NUMBER,STREET_ADDRESS,CITY,STATE,ZIP_CODE) values (13,'Ava','Green','avagreen@email.com','555-555-5558','8081 Walnut St','Detroit','MI','48201');
Insert into DB999.CUSTOMERS (CUSTOMER_ID,FIRST_NAME,LAST_NAME,EMAIL,PHONE_NUMBER,STREET_ADDRESS,CITY,STATE,ZIP_CODE) values (14,'Liam','Turner','liamturner@email.com','555-555-5559','9092 Cedar St','Philadelphia','PA','19101');
Insert into DB999.CUSTOMERS (CUSTOMER_ID,FIRST_NAME,LAST_NAME,EMAIL,PHONE_NUMBER,STREET_ADDRESS,CITY,STATE,ZIP_CODE) values (15,'Mia','Adams','miadams@email.com','555-555-5560','10013 Spruce St','Portland','OR','97201');
Insert into DB999.CUSTOMERS (CUSTOMER_ID,FIRST_NAME,LAST_NAME,EMAIL,PHONE_NUMBER,STREET_ADDRESS,CITY,STATE,ZIP_CODE) values (16,'James','King','jamesking@email.com','555-555-5561','11014 Cherry St','San Diego','CA','92101');
Insert into DB999.CUSTOMERS (CUSTOMER_ID,FIRST_NAME,LAST_NAME,EMAIL,PHONE_NUMBER,STREET_ADDRESS,CITY,STATE,ZIP_CODE) values (17,'Harper','Lee','harperlee@email.com','555-555-5562','12015 Oak Ave','Phoenix','AZ','85001');
Insert into DB999.CUSTOMERS (CUSTOMER_ID,FIRST_NAME,LAST_NAME,EMAIL,PHONE_NUMBER,STREET_ADDRESS,CITY,STATE,ZIP_CODE) values (18,'Benjamin','Perez','benjaminperez@email.com','555-555-5563','13016 Pine Dr','Las Vegas','NV','89101');
Insert into DB999.CUSTOMERS (CUSTOMER_ID,FIRST_NAME,LAST_NAME,EMAIL,PHONE_NUMBER,STREET_ADDRESS,CITY,STATE,ZIP_CODE) values (19,'Ella','Thompson','ellathompson@email.com','555-555-5564','14017 Maple Ln','New Orleans','LA','70101');
Insert into DB999.CUSTOMERS (CUSTOMER_ID,FIRST_NAME,LAST_NAME,EMAIL,PHONE_NUMBER,STREET_ADDRESS,CITY,STATE,ZIP_CODE) values (20,'Lucas','Rodriguez','lucasrodriguez@email.com','555-555-5565','15018 Birch St','Cleveland','OH','44101');
Insert into DB999.CUSTOMERS (CUSTOMER_ID,FIRST_NAME,LAST_NAME,EMAIL,PHONE_NUMBER,STREET_ADDRESS,CITY,STATE,ZIP_CODE) values (21,'Chloe','Garcia','chloegarcia@email.com','555-555-5566','16019 Cedar Ave','Cincinnati','OH','45201');
Insert into DB999.CUSTOMERS (CUSTOMER_ID,FIRST_NAME,LAST_NAME,EMAIL,PHONE_NUMBER,STREET_ADDRESS,CITY,STATE,ZIP_CODE) values (22,'Henry','Ramirez','henryramirez@email.com','555-555-5567','17020 Walnut Dr','Kansas City','MO','64101');
Insert into DB999.CUSTOMERS (CUSTOMER_ID,FIRST_NAME,LAST_NAME,EMAIL,PHONE_NUMBER,STREET_ADDRESS,CITY,STATE,ZIP_CODE) values (23,'Sofia','Walker','sofiawalker@email.com','555-555-5568','18021 Cherry St','Minneapolis','MN','55401');
Insert into DB999.CUSTOMERS (CUSTOMER_ID,FIRST_NAME,LAST_NAME,EMAIL,PHONE_NUMBER,STREET_ADDRESS,CITY,STATE,ZIP_CODE) values (24,'Sebastian','Hernandez','sebastianhernandez@email.com','555-555-5569','19022 Oak Ln','Orlando','FL','32801');
Insert into DB999.CUSTOMERS (CUSTOMER_ID,FIRST_NAME,LAST_NAME,EMAIL,PHONE_NUMBER,STREET_ADDRESS,CITY,STATE,ZIP_CODE) values (25,'Isabelle','Robinson','isabellerobinson@email.com','555-555-5570','20023 Pine Dr','Sacramento','CA','94201');
Insert into DB999.CUSTOMERS (CUSTOMER_ID,FIRST_NAME,LAST_NAME,EMAIL,PHONE_NUMBER,STREET_ADDRESS,CITY,STATE,ZIP_CODE) values (26,'Jack','Johnson','jackjohnson@email.com','555-555-5571','21024 Maple Ave','San Antonio','TX','78201');
Insert into DB999.CUSTOMERS (CUSTOMER_ID,FIRST_NAME,LAST_NAME,EMAIL,PHONE_NUMBER,STREET_ADDRESS,CITY,STATE,ZIP_CODE) values (27,'Grace','Moore','gracemoore@email.com','555-555-5572','22025 Birch Ln','Austin','TX','78701');
Insert into DB999.CUSTOMERS (CUSTOMER_ID,FIRST_NAME,LAST_NAME,EMAIL,PHONE_NUMBER,STREET_ADDRESS,CITY,STATE,ZIP_CODE) values (28,'Samuel','Jackson','samueljackson@email.com','555-555-5573','23026 Cedar Dr','Indianapolis','IN','46201');
Insert into DB999.CUSTOMERS (CUSTOMER_ID,FIRST_NAME,LAST_NAME,EMAIL,PHONE_NUMBER,STREET_ADDRESS,CITY,STATE,ZIP_CODE) values (29,'Lily','Taylor','lilytaylor@email.com','555-555-5574','24027 Walnut St','Charlotte','NC','28201');
Insert into DB999.CUSTOMERS (CUSTOMER_ID,FIRST_NAME,LAST_NAME,EMAIL,PHONE_NUMBER,STREET_ADDRESS,CITY,STATE,ZIP_CODE) values (30,'Daniel','Harris','danielharris@email.com','555-555-5575','25028 Cherry Ln','St. Louis','MO','63101');
Insert into DB999.CUSTOMERS (CUSTOMER_ID,FIRST_NAME,LAST_NAME,EMAIL,PHONE_NUMBER,STREET_ADDRESS,CITY,STATE,ZIP_CODE) values (31,'Amelia','White','ameliawhite@email.com','555-555-5576','26029 Oak Ave','Memphis','TN','38101');
Insert into DB999.CUSTOMERS (CUSTOMER_ID,FIRST_NAME,LAST_NAME,EMAIL,PHONE_NUMBER,STREET_ADDRESS,CITY,STATE,ZIP_CODE) values (32,'Joseph','Martin','josephmartin@email.com','555-555-5577','27030 Pine Dr','Baltimore','MD','21201');
Insert into DB999.CUSTOMERS (CUSTOMER_ID,FIRST_NAME,LAST_NAME,EMAIL,PHONE_NUMBER,STREET_ADDRESS,CITY,STATE,ZIP_CODE) values (33,'Emily','Clark','emilyclark@email.com','555-555-5578','28031 Maple St','Milwaukee','WI','53201');
Insert into DB999.CUSTOMERS (CUSTOMER_ID,FIRST_NAME,LAST_NAME,EMAIL,PHONE_NUMBER,STREET_ADDRESS,CITY,STATE,ZIP_CODE) values (34,'David','Lewis','davidlewis@email.com','555-555-5579','29032 Birch Ave','Nashville','TN','37201');
Insert into DB999.CUSTOMERS (CUSTOMER_ID,FIRST_NAME,LAST_NAME,EMAIL,PHONE_NUMBER,STREET_ADDRESS,CITY,STATE,ZIP_CODE) values (35,'Chloe','Young','chloeyoung@email.com','555-555-5580','30033 Cedar St','Omaha','NE','68101');
Insert into DB999.CUSTOMERS (CUSTOMER_ID,FIRST_NAME,LAST_NAME,EMAIL,PHONE_NUMBER,STREET_ADDRESS,CITY,STATE,ZIP_CODE) values (36,'Michael','Hall','michaelhall@email.com','555-555-5581','31034 Walnut Dr','Tucson','AZ','85701');
Insert into DB999.CUSTOMERS (CUSTOMER_ID,FIRST_NAME,LAST_NAME,EMAIL,PHONE_NUMBER,STREET_ADDRESS,CITY,STATE,ZIP_CODE) values (37,'Sophia','Green','sophiagreen@email.com','555-555-5582','32035 Cherry Ln','Fresno','CA','93701');
Insert into DB999.CUSTOMERS (CUSTOMER_ID,FIRST_NAME,LAST_NAME,EMAIL,PHONE_NUMBER,STREET_ADDRESS,CITY,STATE,ZIP_CODE) values (38,'Zachary','Turner','zacharyturner@email.com','555-555-5583','33036 Oak Ave','Raleigh','NC','27601');
Insert into DB999.CUSTOMERS (CUSTOMER_ID,FIRST_NAME,LAST_NAME,EMAIL,PHONE_NUMBER,STREET_ADDRESS,CITY,STATE,ZIP_CODE) values (39,'Olivia','Adams','oliviaadams@email.com','555-555-5584','34037 Pine Dr','Louisville','KY','40201');
Insert into DB999.CUSTOMERS (CUSTOMER_ID,FIRST_NAME,LAST_NAME,EMAIL,PHONE_NUMBER,STREET_ADDRESS,CITY,STATE,ZIP_CODE) values (40,'William','King','williamking@email.com','555-555-5585','35038 Maple St','Albuquerque','NM','87101');
REM INSERTING into DB999.DEALERSHIPS
SET DEFINE OFF;
Insert into DB999.DEALERSHIPS (DEALERSHIP_ID,NAME,STREET_ADDRESS,CITY,STATE,ZIP_CODE,PHONE_NUMBER) values (1,'Auto Plaza Central','123 Main St','Miami','FL','33101','305-555-1234');
Insert into DB999.DEALERSHIPS (DEALERSHIP_ID,NAME,STREET_ADDRESS,CITY,STATE,ZIP_CODE,PHONE_NUMBER) values (2,'Car Universe','456 South St','Fort Lauderdale','FL','33301','954-555-2345');
Insert into DB999.DEALERSHIPS (DEALERSHIP_ID,NAME,STREET_ADDRESS,CITY,STATE,ZIP_CODE,PHONE_NUMBER) values (3,'Vehicle Connection','789 East Blvd','Orlando','FL','32801','407-555-3456');
Insert into DB999.DEALERSHIPS (DEALERSHIP_ID,NAME,STREET_ADDRESS,CITY,STATE,ZIP_CODE,PHONE_NUMBER) values (4,'Driveway Motors','112 West Ave','Tampa','FL','33601','813-555-4567');
Insert into DB999.DEALERSHIPS (DEALERSHIP_ID,NAME,STREET_ADDRESS,CITY,STATE,ZIP_CODE,PHONE_NUMBER) values (5,'Wheel Empire','556 North St','Jacksonville','FL','32201','904-555-5678');
Insert into DB999.DEALERSHIPS (DEALERSHIP_ID,NAME,STREET_ADDRESS,CITY,STATE,ZIP_CODE,PHONE_NUMBER) values (6,'CarMax Express','890 South Ave','Pensacola','FL','32501','850-555-6789');
Insert into DB999.DEALERSHIPS (DEALERSHIP_ID,NAME,STREET_ADDRESS,CITY,STATE,ZIP_CODE,PHONE_NUMBER) values (7,'Motorhub','123 Oak St','Gainesville','FL','32601','352-555-7890');
Insert into DB999.DEALERSHIPS (DEALERSHIP_ID,NAME,STREET_ADDRESS,CITY,STATE,ZIP_CODE,PHONE_NUMBER) values (8,'DriveNation','456 Palm Dr','Sarasota','FL','34201','941-555-8901');
Insert into DB999.DEALERSHIPS (DEALERSHIP_ID,NAME,STREET_ADDRESS,CITY,STATE,ZIP_CODE,PHONE_NUMBER) values (9,'Auto Showcase','789 Pine Rd','Fort Myers','FL','33901','239-555-9012');
Insert into DB999.DEALERSHIPS (DEALERSHIP_ID,NAME,STREET_ADDRESS,CITY,STATE,ZIP_CODE,PHONE_NUMBER) values (10,'CarPro Center','112 Ocean St','West Palm Beach','FL','33401','561-555-0123');
Insert into DB999.DEALERSHIPS (DEALERSHIP_ID,NAME,STREET_ADDRESS,CITY,STATE,ZIP_CODE,PHONE_NUMBER) values (11,'Road Ready','556 1st St','Boca Raton','FL','33432','561-555-2345');
Insert into DB999.DEALERSHIPS (DEALERSHIP_ID,NAME,STREET_ADDRESS,CITY,STATE,ZIP_CODE,PHONE_NUMBER) values (12,'Motors Unlimited','890 2nd Ave','Daytona Beach','FL','32114','386-555-3456');
Insert into DB999.DEALERSHIPS (DEALERSHIP_ID,NAME,STREET_ADDRESS,CITY,STATE,ZIP_CODE,PHONE_NUMBER) values (13,'Auto Warehouse','123 3rd St','Tallahassee','FL','32301','850-555-4567');
Insert into DB999.DEALERSHIPS (DEALERSHIP_ID,NAME,STREET_ADDRESS,CITY,STATE,ZIP_CODE,PHONE_NUMBER) values (14,'Car Bazaar','456 4th Blvd','St. Petersburg','FL','33701','727-555-5678');
Insert into DB999.DEALERSHIPS (DEALERSHIP_ID,NAME,STREET_ADDRESS,CITY,STATE,ZIP_CODE,PHONE_NUMBER) values (15,'Vehicle Gallery','789 5th St','Clearwater','FL','33756','727-555-6789');
Insert into DB999.DEALERSHIPS (DEALERSHIP_ID,NAME,STREET_ADDRESS,CITY,STATE,ZIP_CODE,PHONE_NUMBER) values (16,'Speedway Motors','112 6th Ave','Hialeah','FL','33010','305-555-7890');
Insert into DB999.DEALERSHIPS (DEALERSHIP_ID,NAME,STREET_ADDRESS,CITY,STATE,ZIP_CODE,PHONE_NUMBER) values (17,'DriveTime','556 7th Rd','Panama City','FL','32401','850-555-8901');
Insert into DB999.DEALERSHIPS (DEALERSHIP_ID,NAME,STREET_ADDRESS,CITY,STATE,ZIP_CODE,PHONE_NUMBER) values (18,'AutoMax','890 8th St','Coral Springs','FL','33065','954-555-9012');
Insert into DB999.DEALERSHIPS (DEALERSHIP_ID,NAME,STREET_ADDRESS,CITY,STATE,ZIP_CODE,PHONE_NUMBER) values (19,'CarMasters','123 9th Blvd','Ocala','FL','34470','352-555-0123');
Insert into DB999.DEALERSHIPS (DEALERSHIP_ID,NAME,STREET_ADDRESS,CITY,STATE,ZIP_CODE,PHONE_NUMBER) values (20,'Car Nation','456 10th St','Port St. Lucie','FL','34952','772-555-2345');
REM INSERTING into DB999.DP_EMPLOYEES
SET DEFINE OFF;
Insert into DB999.DP_EMPLOYEES (EMPLOYEE_ID,FIRST_NAME,LAST_NAME,EMAIL,PHONE_NUMBER,JOB_TITLE,DEALERSHIP_ID) values (1,'John','Doe','john.doe@example.com','305-555-1001','salesperson',1);
Insert into DB999.DP_EMPLOYEES (EMPLOYEE_ID,FIRST_NAME,LAST_NAME,EMAIL,PHONE_NUMBER,JOB_TITLE,DEALERSHIP_ID) values (2,'Jane','Smith','jane.smith@example.com','305-555-1002','manager',1);
Insert into DB999.DP_EMPLOYEES (EMPLOYEE_ID,FIRST_NAME,LAST_NAME,EMAIL,PHONE_NUMBER,JOB_TITLE,DEALERSHIP_ID) values (3,'Bob','Brown','bob.brown@example.com','305-555-1003','customer services',1);
Insert into DB999.DP_EMPLOYEES (EMPLOYEE_ID,FIRST_NAME,LAST_NAME,EMAIL,PHONE_NUMBER,JOB_TITLE,DEALERSHIP_ID) values (4,'Alice','Johnson','alice.johnson@example.com','954-555-2001','salesperson',2);
Insert into DB999.DP_EMPLOYEES (EMPLOYEE_ID,FIRST_NAME,LAST_NAME,EMAIL,PHONE_NUMBER,JOB_TITLE,DEALERSHIP_ID) values (5,'Charlie','Williams','charlie.williams@example.com','954-555-2002','manager',2);
Insert into DB999.DP_EMPLOYEES (EMPLOYEE_ID,FIRST_NAME,LAST_NAME,EMAIL,PHONE_NUMBER,JOB_TITLE,DEALERSHIP_ID) values (6,'Eva','Garcia','eva.garcia@example.com','954-555-2003','customer services',2);
Insert into DB999.DP_EMPLOYEES (EMPLOYEE_ID,FIRST_NAME,LAST_NAME,EMAIL,PHONE_NUMBER,JOB_TITLE,DEALERSHIP_ID) values (7,'Olivia','Jones','olivia.jones@example.com','407-555-3001','salesperson',3);
Insert into DB999.DP_EMPLOYEES (EMPLOYEE_ID,FIRST_NAME,LAST_NAME,EMAIL,PHONE_NUMBER,JOB_TITLE,DEALERSHIP_ID) values (8,'Liam','Martinez','liam.martinez@example.com','407-555-3002','manager',3);
Insert into DB999.DP_EMPLOYEES (EMPLOYEE_ID,FIRST_NAME,LAST_NAME,EMAIL,PHONE_NUMBER,JOB_TITLE,DEALERSHIP_ID) values (9,'Emma','Rodriguez','emma.rodriguez@example.com','407-555-3003','customer services',3);
Insert into DB999.DP_EMPLOYEES (EMPLOYEE_ID,FIRST_NAME,LAST_NAME,EMAIL,PHONE_NUMBER,JOB_TITLE,DEALERSHIP_ID) values (10,'Noah','Davis','noah.davis@example.com','813-555-4001','salesperson',4);
Insert into DB999.DP_EMPLOYEES (EMPLOYEE_ID,FIRST_NAME,LAST_NAME,EMAIL,PHONE_NUMBER,JOB_TITLE,DEALERSHIP_ID) values (11,'Isabella','Hernandez','isabella.hernandez@example.com','813-555-4002','manager',4);
Insert into DB999.DP_EMPLOYEES (EMPLOYEE_ID,FIRST_NAME,LAST_NAME,EMAIL,PHONE_NUMBER,JOB_TITLE,DEALERSHIP_ID) values (12,'Mia','Lopez','mia.lopez@example.com','813-555-4003','customer services',4);
Insert into DB999.DP_EMPLOYEES (EMPLOYEE_ID,FIRST_NAME,LAST_NAME,EMAIL,PHONE_NUMBER,JOB_TITLE,DEALERSHIP_ID) values (13,'Emily','White','emily.white@example.com','904-555-5001','salesperson',5);
Insert into DB999.DP_EMPLOYEES (EMPLOYEE_ID,FIRST_NAME,LAST_NAME,EMAIL,PHONE_NUMBER,JOB_TITLE,DEALERSHIP_ID) values (14,'Michael','Green','michael.green@example.com','904-555-5002','manager',5);
Insert into DB999.DP_EMPLOYEES (EMPLOYEE_ID,FIRST_NAME,LAST_NAME,EMAIL,PHONE_NUMBER,JOB_TITLE,DEALERSHIP_ID) values (15,'Thomas','Hall','thomas.hall@example.com','904-555-5003','customer services',5);
Insert into DB999.DP_EMPLOYEES (EMPLOYEE_ID,FIRST_NAME,LAST_NAME,EMAIL,PHONE_NUMBER,JOB_TITLE,DEALERSHIP_ID) values (16,'Elizabeth','Perez','elizabeth.perez@example.com','850-555-6001','salesperson',6);
Insert into DB999.DP_EMPLOYEES (EMPLOYEE_ID,FIRST_NAME,LAST_NAME,EMAIL,PHONE_NUMBER,JOB_TITLE,DEALERSHIP_ID) values (17,'William','Torres','william.torres@example.com','850-555-6002','manager',6);
Insert into DB999.DP_EMPLOYEES (EMPLOYEE_ID,FIRST_NAME,LAST_NAME,EMAIL,PHONE_NUMBER,JOB_TITLE,DEALERSHIP_ID) values (18,'Benjamin','Taylor','benjamin.taylor@example.com','850-555-6003','customer services',6);
Insert into DB999.DP_EMPLOYEES (EMPLOYEE_ID,FIRST_NAME,LAST_NAME,EMAIL,PHONE_NUMBER,JOB_TITLE,DEALERSHIP_ID) values (19,'Sofia','Young','sofia.young@example.com','352-555-7001','salesperson',7);
Insert into DB999.DP_EMPLOYEES (EMPLOYEE_ID,FIRST_NAME,LAST_NAME,EMAIL,PHONE_NUMBER,JOB_TITLE,DEALERSHIP_ID) values (20,'James','Moore','james.moore@example.com','352-555-7002','manager',7);
Insert into DB999.DP_EMPLOYEES (EMPLOYEE_ID,FIRST_NAME,LAST_NAME,EMAIL,PHONE_NUMBER,JOB_TITLE,DEALERSHIP_ID) values (21,'Henry','Turner','henry.turner@example.com','352-555-7003','customer services',7);
Insert into DB999.DP_EMPLOYEES (EMPLOYEE_ID,FIRST_NAME,LAST_NAME,EMAIL,PHONE_NUMBER,JOB_TITLE,DEALERSHIP_ID) values (22,'Grace','Harris','grace.harris@example.com','941-555-8001','salesperson',8);
Insert into DB999.DP_EMPLOYEES (EMPLOYEE_ID,FIRST_NAME,LAST_NAME,EMAIL,PHONE_NUMBER,JOB_TITLE,DEALERSHIP_ID) values (23,'Sebastian','Jackson','sebastian.jackson@example.com','941-555-8002','manager',8);
Insert into DB999.DP_EMPLOYEES (EMPLOYEE_ID,FIRST_NAME,LAST_NAME,EMAIL,PHONE_NUMBER,JOB_TITLE,DEALERSHIP_ID) values (24,'Victoria','King','victoria.king@example.com','941-555-8003','customer services',8);
Insert into DB999.DP_EMPLOYEES (EMPLOYEE_ID,FIRST_NAME,LAST_NAME,EMAIL,PHONE_NUMBER,JOB_TITLE,DEALERSHIP_ID) values (25,'Amelia','Clark','amelia.clark@example.com','239-555-9001','salesperson',9);
Insert into DB999.DP_EMPLOYEES (EMPLOYEE_ID,FIRST_NAME,LAST_NAME,EMAIL,PHONE_NUMBER,JOB_TITLE,DEALERSHIP_ID) values (26,'Lucas','Scott','lucas.scott@example.com','239-555-9002','manager',9);
Insert into DB999.DP_EMPLOYEES (EMPLOYEE_ID,FIRST_NAME,LAST_NAME,EMAIL,PHONE_NUMBER,JOB_TITLE,DEALERSHIP_ID) values (27,'Harper','Wright','harper.wright@example.com','239-555-9003','customer services',9);
Insert into DB999.DP_EMPLOYEES (EMPLOYEE_ID,FIRST_NAME,LAST_NAME,EMAIL,PHONE_NUMBER,JOB_TITLE,DEALERSHIP_ID) values (28,'Aiden','Phillips','aiden.phillips@example.com','561-555-1001','salesperson',10);
Insert into DB999.DP_EMPLOYEES (EMPLOYEE_ID,FIRST_NAME,LAST_NAME,EMAIL,PHONE_NUMBER,JOB_TITLE,DEALERSHIP_ID) values (29,'Matthew','Robinson','matthew.robinson@example.com','561-555-1002','manager',10);
Insert into DB999.DP_EMPLOYEES (EMPLOYEE_ID,FIRST_NAME,LAST_NAME,EMAIL,PHONE_NUMBER,JOB_TITLE,DEALERSHIP_ID) values (30,'Ella','Lewis','ella.lewis@example.com','561-555-1003','customer services',10);
Insert into DB999.DP_EMPLOYEES (EMPLOYEE_ID,FIRST_NAME,LAST_NAME,EMAIL,PHONE_NUMBER,JOB_TITLE,DEALERSHIP_ID) values (31,'Oliver','Walker','oliver.walker@example.com','561-555-1101','salesperson',11);
Insert into DB999.DP_EMPLOYEES (EMPLOYEE_ID,FIRST_NAME,LAST_NAME,EMAIL,PHONE_NUMBER,JOB_TITLE,DEALERSHIP_ID) values (32,'Leo','Anderson','leo.anderson@example.com','561-555-1102','manager',11);
Insert into DB999.DP_EMPLOYEES (EMPLOYEE_ID,FIRST_NAME,LAST_NAME,EMAIL,PHONE_NUMBER,JOB_TITLE,DEALERSHIP_ID) values (33,'Lily','Carter','lily.carter@example.com','561-555-1103','customer services',11);
Insert into DB999.DP_EMPLOYEES (EMPLOYEE_ID,FIRST_NAME,LAST_NAME,EMAIL,PHONE_NUMBER,JOB_TITLE,DEALERSHIP_ID) values (34,'David','Mitchell','david.mitchell@example.com','386-555-1201','salesperson',12);
Insert into DB999.DP_EMPLOYEES (EMPLOYEE_ID,FIRST_NAME,LAST_NAME,EMAIL,PHONE_NUMBER,JOB_TITLE,DEALERSHIP_ID) values (35,'Levi','Adams','levi.adams@example.com','386-555-1202','manager',12);
Insert into DB999.DP_EMPLOYEES (EMPLOYEE_ID,FIRST_NAME,LAST_NAME,EMAIL,PHONE_NUMBER,JOB_TITLE,DEALERSHIP_ID) values (36,'Chloe','Thomas','chloe.thomas@example.com','386-555-1203','customer services',12);
Insert into DB999.DP_EMPLOYEES (EMPLOYEE_ID,FIRST_NAME,LAST_NAME,EMAIL,PHONE_NUMBER,JOB_TITLE,DEALERSHIP_ID) values (37,'Nathan','Allen','nathan.allen@example.com','850-555-1301','salesperson',13);
Insert into DB999.DP_EMPLOYEES (EMPLOYEE_ID,FIRST_NAME,LAST_NAME,EMAIL,PHONE_NUMBER,JOB_TITLE,DEALERSHIP_ID) values (38,'Max','Lee','max.lee@example.com','850-555-1302','manager',13);
Insert into DB999.DP_EMPLOYEES (EMPLOYEE_ID,FIRST_NAME,LAST_NAME,EMAIL,PHONE_NUMBER,JOB_TITLE,DEALERSHIP_ID) values (39,'Lillian','Wilson','lillian.wilson@example.com','850-555-1303','customer services',13);
Insert into DB999.DP_EMPLOYEES (EMPLOYEE_ID,FIRST_NAME,LAST_NAME,EMAIL,PHONE_NUMBER,JOB_TITLE,DEALERSHIP_ID) values (40,'Joseph','Parker','joseph.parker@example.com','727-555-1401','salesperson',14);
Insert into DB999.DP_EMPLOYEES (EMPLOYEE_ID,FIRST_NAME,LAST_NAME,EMAIL,PHONE_NUMBER,JOB_TITLE,DEALERSHIP_ID) values (41,'Andrew','Hill','andrew.hill@example.com','727-555-1402','manager',14);
Insert into DB999.DP_EMPLOYEES (EMPLOYEE_ID,FIRST_NAME,LAST_NAME,EMAIL,PHONE_NUMBER,JOB_TITLE,DEALERSHIP_ID) values (42,'Eleanor','Martin','eleanor.martin@example.com','727-555-1403','customer services',14);
Insert into DB999.DP_EMPLOYEES (EMPLOYEE_ID,FIRST_NAME,LAST_NAME,EMAIL,PHONE_NUMBER,JOB_TITLE,DEALERSHIP_ID) values (43,'Samuel','Gonzalez','samuel.gonzalez@example.com','727-555-1501','salesperson',15);
Insert into DB999.DP_EMPLOYEES (EMPLOYEE_ID,FIRST_NAME,LAST_NAME,EMAIL,PHONE_NUMBER,JOB_TITLE,DEALERSHIP_ID) values (44,'Daniel','Miller','daniel.miller@example.com','727-555-1502','manager',15);
Insert into DB999.DP_EMPLOYEES (EMPLOYEE_ID,FIRST_NAME,LAST_NAME,EMAIL,PHONE_NUMBER,JOB_TITLE,DEALERSHIP_ID) values (45,'Charlotte','Sanders','charlotte.sanders@example.com','727-555-1503','customer services',15);
Insert into DB999.DP_EMPLOYEES (EMPLOYEE_ID,FIRST_NAME,LAST_NAME,EMAIL,PHONE_NUMBER,JOB_TITLE,DEALERSHIP_ID) values (46,'Luke','Collins','luke.collins@example.com','305-555-1601','salesperson',16);
Insert into DB999.DP_EMPLOYEES (EMPLOYEE_ID,FIRST_NAME,LAST_NAME,EMAIL,PHONE_NUMBER,JOB_TITLE,DEALERSHIP_ID) values (47,'Jack','Baker','jack.baker@example.com','305-555-1602','manager',16);
Insert into DB999.DP_EMPLOYEES (EMPLOYEE_ID,FIRST_NAME,LAST_NAME,EMAIL,PHONE_NUMBER,JOB_TITLE,DEALERSHIP_ID) values (48,'Ava','Rogers','ava.rogers@example.com','305-555-1603','customer services',16);
Insert into DB999.DP_EMPLOYEES (EMPLOYEE_ID,FIRST_NAME,LAST_NAME,EMAIL,PHONE_NUMBER,JOB_TITLE,DEALERSHIP_ID) values (49,'Carter','Ortiz','carter.ortiz@example.com','850-555-1701','salesperson',17);
Insert into DB999.DP_EMPLOYEES (EMPLOYEE_ID,FIRST_NAME,LAST_NAME,EMAIL,PHONE_NUMBER,JOB_TITLE,DEALERSHIP_ID) values (50,'Benjamin','Watson','benjamin.watson@example.com','850-555-1702','manager',17);
Insert into DB999.DP_EMPLOYEES (EMPLOYEE_ID,FIRST_NAME,LAST_NAME,EMAIL,PHONE_NUMBER,JOB_TITLE,DEALERSHIP_ID) values (51,'Mia','Morgan','mia.morgan@example.com','850-555-1703','customer services',17);
Insert into DB999.DP_EMPLOYEES (EMPLOYEE_ID,FIRST_NAME,LAST_NAME,EMAIL,PHONE_NUMBER,JOB_TITLE,DEALERSHIP_ID) values (52,'Alexander','Simmons','alexander.simmons@example.com','954-555-1801','salesperson',18);
Insert into DB999.DP_EMPLOYEES (EMPLOYEE_ID,FIRST_NAME,LAST_NAME,EMAIL,PHONE_NUMBER,JOB_TITLE,DEALERSHIP_ID) values (53,'Henry','Cooper','henry.cooper@example.com','954-555-1802','manager',18);
Insert into DB999.DP_EMPLOYEES (EMPLOYEE_ID,FIRST_NAME,LAST_NAME,EMAIL,PHONE_NUMBER,JOB_TITLE,DEALERSHIP_ID) values (54,'Elizabeth','Bell','elizabeth.bell@example.com','954-555-1803','customer services',18);
Insert into DB999.DP_EMPLOYEES (EMPLOYEE_ID,FIRST_NAME,LAST_NAME,EMAIL,PHONE_NUMBER,JOB_TITLE,DEALERSHIP_ID) values (55,'Olivia','Gray','olivia.gray@example.com','352-555-1901','salesperson',19);
Insert into DB999.DP_EMPLOYEES (EMPLOYEE_ID,FIRST_NAME,LAST_NAME,EMAIL,PHONE_NUMBER,JOB_TITLE,DEALERSHIP_ID) values (56,'Michael','Roberts','michael.roberts@example.com','352-555-1902','manager',19);
Insert into DB999.DP_EMPLOYEES (EMPLOYEE_ID,FIRST_NAME,LAST_NAME,EMAIL,PHONE_NUMBER,JOB_TITLE,DEALERSHIP_ID) values (57,'Emma','Reed','emma.reed@example.com','352-555-1903','customer services',19);
Insert into DB999.DP_EMPLOYEES (EMPLOYEE_ID,FIRST_NAME,LAST_NAME,EMAIL,PHONE_NUMBER,JOB_TITLE,DEALERSHIP_ID) values (58,'William','Green','william.green@example.com','772-555-2001','salesperson',20);
Insert into DB999.DP_EMPLOYEES (EMPLOYEE_ID,FIRST_NAME,LAST_NAME,EMAIL,PHONE_NUMBER,JOB_TITLE,DEALERSHIP_ID) values (59,'Sebastian','Long','sebastian.long@example.com','772-555-2002','manager',20);
Insert into DB999.DP_EMPLOYEES (EMPLOYEE_ID,FIRST_NAME,LAST_NAME,EMAIL,PHONE_NUMBER,JOB_TITLE,DEALERSHIP_ID) values (60,'Lily','Morris','lily.morris@example.com','772-555-2003','customer services',20);
REM INSERTING into DB999.INSURANCE
SET DEFINE OFF;
Insert into DB999.INSURANCE (INSURANCE_ID,POLICY_NUMBER,COVERAGE_TYPE,START_DATE,END_DATE,PRICE,VEHICLE_ID) values (1001,'123456','Comprehensive',to_date('01-JAN-23','DD-MON-RR'),to_date('01-JAN-24','DD-MON-RR'),1200,1);
Insert into DB999.INSURANCE (INSURANCE_ID,POLICY_NUMBER,COVERAGE_TYPE,START_DATE,END_DATE,PRICE,VEHICLE_ID) values (1002,'234567','Collision',to_date('10-FEB-23','DD-MON-RR'),to_date('10-FEB-24','DD-MON-RR'),900,2);
Insert into DB999.INSURANCE (INSURANCE_ID,POLICY_NUMBER,COVERAGE_TYPE,START_DATE,END_DATE,PRICE,VEHICLE_ID) values (1003,'345678','Liability',to_date('15-MAR-23','DD-MON-RR'),to_date('15-MAR-24','DD-MON-RR'),600,3);
Insert into DB999.INSURANCE (INSURANCE_ID,POLICY_NUMBER,COVERAGE_TYPE,START_DATE,END_DATE,PRICE,VEHICLE_ID) values (1004,'456789','Comprehensive',to_date('20-APR-23','DD-MON-RR'),to_date('20-APR-24','DD-MON-RR'),1300,4);
Insert into DB999.INSURANCE (INSURANCE_ID,POLICY_NUMBER,COVERAGE_TYPE,START_DATE,END_DATE,PRICE,VEHICLE_ID) values (1005,'567890','Collision',to_date('25-MAY-23','DD-MON-RR'),to_date('25-MAY-24','DD-MON-RR'),950,5);
Insert into DB999.INSURANCE (INSURANCE_ID,POLICY_NUMBER,COVERAGE_TYPE,START_DATE,END_DATE,PRICE,VEHICLE_ID) values (1006,'678901','Liability',to_date('30-JUN-23','DD-MON-RR'),to_date('30-JUN-24','DD-MON-RR'),650,6);
Insert into DB999.INSURANCE (INSURANCE_ID,POLICY_NUMBER,COVERAGE_TYPE,START_DATE,END_DATE,PRICE,VEHICLE_ID) values (1007,'789012','Comprehensive',to_date('05-JUL-23','DD-MON-RR'),to_date('05-JUL-24','DD-MON-RR'),1150,7);
Insert into DB999.INSURANCE (INSURANCE_ID,POLICY_NUMBER,COVERAGE_TYPE,START_DATE,END_DATE,PRICE,VEHICLE_ID) values (1008,'890123','Collision',to_date('10-AUG-23','DD-MON-RR'),to_date('10-AUG-24','DD-MON-RR'),920,8);
Insert into DB999.INSURANCE (INSURANCE_ID,POLICY_NUMBER,COVERAGE_TYPE,START_DATE,END_DATE,PRICE,VEHICLE_ID) values (1009,'901234','Liability',to_date('15-SEP-23','DD-MON-RR'),to_date('15-SEP-24','DD-MON-RR'),620,9);
Insert into DB999.INSURANCE (INSURANCE_ID,POLICY_NUMBER,COVERAGE_TYPE,START_DATE,END_DATE,PRICE,VEHICLE_ID) values (1010,'102345','Comprehensive',to_date('20-OCT-23','DD-MON-RR'),to_date('20-OCT-24','DD-MON-RR'),1250,10);
Insert into DB999.INSURANCE (INSURANCE_ID,POLICY_NUMBER,COVERAGE_TYPE,START_DATE,END_DATE,PRICE,VEHICLE_ID) values (1011,'213456','Collision',to_date('25-NOV-23','DD-MON-RR'),to_date('25-NOV-24','DD-MON-RR'),980,11);
Insert into DB999.INSURANCE (INSURANCE_ID,POLICY_NUMBER,COVERAGE_TYPE,START_DATE,END_DATE,PRICE,VEHICLE_ID) values (1012,'324567','Liability',to_date('30-DEC-23','DD-MON-RR'),to_date('30-DEC-24','DD-MON-RR'),690,12);
Insert into DB999.INSURANCE (INSURANCE_ID,POLICY_NUMBER,COVERAGE_TYPE,START_DATE,END_DATE,PRICE,VEHICLE_ID) values (1013,'435678','Comprehensive',to_date('04-JAN-24','DD-MON-RR'),to_date('04-JAN-25','DD-MON-RR'),1100,13);
Insert into DB999.INSURANCE (INSURANCE_ID,POLICY_NUMBER,COVERAGE_TYPE,START_DATE,END_DATE,PRICE,VEHICLE_ID) values (1014,'546789','Collision',to_date('09-FEB-24','DD-MON-RR'),to_date('09-FEB-25','DD-MON-RR'),870,14);
Insert into DB999.INSURANCE (INSURANCE_ID,POLICY_NUMBER,COVERAGE_TYPE,START_DATE,END_DATE,PRICE,VEHICLE_ID) values (1015,'657890','Liability',to_date('16-MAR-24','DD-MON-RR'),to_date('16-MAR-25','DD-MON-RR'),580,15);
Insert into DB999.INSURANCE (INSURANCE_ID,POLICY_NUMBER,COVERAGE_TYPE,START_DATE,END_DATE,PRICE,VEHICLE_ID) values (1016,'768901','Comprehensive',to_date('21-APR-24','DD-MON-RR'),to_date('21-APR-25','DD-MON-RR'),1200,16);
Insert into DB999.INSURANCE (INSURANCE_ID,POLICY_NUMBER,COVERAGE_TYPE,START_DATE,END_DATE,PRICE,VEHICLE_ID) values (1017,'879012','Collision',to_date('26-MAY-24','DD-MON-RR'),to_date('26-MAY-25','DD-MON-RR'),900,17);
Insert into DB999.INSURANCE (INSURANCE_ID,POLICY_NUMBER,COVERAGE_TYPE,START_DATE,END_DATE,PRICE,VEHICLE_ID) values (1018,'990123','Liability',to_date('30-JUN-24','DD-MON-RR'),to_date('30-JUN-25','DD-MON-RR'),610,18);
Insert into DB999.INSURANCE (INSURANCE_ID,POLICY_NUMBER,COVERAGE_TYPE,START_DATE,END_DATE,PRICE,VEHICLE_ID) values (1019,'101234','Comprehensive',to_date('05-JUL-24','DD-MON-RR'),to_date('05-JUL-25','DD-MON-RR'),1300,19);
Insert into DB999.INSURANCE (INSURANCE_ID,POLICY_NUMBER,COVERAGE_TYPE,START_DATE,END_DATE,PRICE,VEHICLE_ID) values (1020,'212345','Collision',to_date('10-AUG-24','DD-MON-RR'),to_date('10-AUG-25','DD-MON-RR'),950,20);
Insert into DB999.INSURANCE (INSURANCE_ID,POLICY_NUMBER,COVERAGE_TYPE,START_DATE,END_DATE,PRICE,VEHICLE_ID) values (1021,'323456','Liability',to_date('14-SEP-24','DD-MON-RR'),to_date('14-SEP-25','DD-MON-RR'),640,21);
Insert into DB999.INSURANCE (INSURANCE_ID,POLICY_NUMBER,COVERAGE_TYPE,START_DATE,END_DATE,PRICE,VEHICLE_ID) values (1022,'434567','Comprehensive',to_date('19-OCT-24','DD-MON-RR'),to_date('19-OCT-25','DD-MON-RR'),1250,22);
Insert into DB999.INSURANCE (INSURANCE_ID,POLICY_NUMBER,COVERAGE_TYPE,START_DATE,END_DATE,PRICE,VEHICLE_ID) values (1023,'545678','Collision',to_date('24-NOV-24','DD-MON-RR'),to_date('24-NOV-25','DD-MON-RR'),980,23);
Insert into DB999.INSURANCE (INSURANCE_ID,POLICY_NUMBER,COVERAGE_TYPE,START_DATE,END_DATE,PRICE,VEHICLE_ID) values (1024,'656789','Liability',to_date('29-DEC-24','DD-MON-RR'),to_date('29-DEC-25','DD-MON-RR'),670,24);
Insert into DB999.INSURANCE (INSURANCE_ID,POLICY_NUMBER,COVERAGE_TYPE,START_DATE,END_DATE,PRICE,VEHICLE_ID) values (1025,'767890','Comprehensive',to_date('03-JAN-25','DD-MON-RR'),to_date('03-JAN-26','DD-MON-RR'),1100,25);
Insert into DB999.INSURANCE (INSURANCE_ID,POLICY_NUMBER,COVERAGE_TYPE,START_DATE,END_DATE,PRICE,VEHICLE_ID) values (1026,'878901','Collision',to_date('08-FEB-25','DD-MON-RR'),to_date('08-FEB-26','DD-MON-RR'),860,26);
Insert into DB999.INSURANCE (INSURANCE_ID,POLICY_NUMBER,COVERAGE_TYPE,START_DATE,END_DATE,PRICE,VEHICLE_ID) values (1027,'989012','Liability',to_date('15-MAR-25','DD-MON-RR'),to_date('15-MAR-26','DD-MON-RR'),590,27);
Insert into DB999.INSURANCE (INSURANCE_ID,POLICY_NUMBER,COVERAGE_TYPE,START_DATE,END_DATE,PRICE,VEHICLE_ID) values (1028,'109123','Comprehensive',to_date('20-APR-25','DD-MON-RR'),to_date('20-APR-26','DD-MON-RR'),1200,28);
Insert into DB999.INSURANCE (INSURANCE_ID,POLICY_NUMBER,COVERAGE_TYPE,START_DATE,END_DATE,PRICE,VEHICLE_ID) values (1029,'210234','Collision',to_date('25-MAY-25','DD-MON-RR'),to_date('25-MAY-26','DD-MON-RR'),900,29);
Insert into DB999.INSURANCE (INSURANCE_ID,POLICY_NUMBER,COVERAGE_TYPE,START_DATE,END_DATE,PRICE,VEHICLE_ID) values (1030,'321345','Liability',to_date('29-JUN-25','DD-MON-RR'),to_date('29-JUN-26','DD-MON-RR'),610,30);
Insert into DB999.INSURANCE (INSURANCE_ID,POLICY_NUMBER,COVERAGE_TYPE,START_DATE,END_DATE,PRICE,VEHICLE_ID) values (1031,'432456','Comprehensive',to_date('04-JUL-25','DD-MON-RR'),to_date('04-JUL-26','DD-MON-RR'),1300,31);
Insert into DB999.INSURANCE (INSURANCE_ID,POLICY_NUMBER,COVERAGE_TYPE,START_DATE,END_DATE,PRICE,VEHICLE_ID) values (1032,'543567','Collision',to_date('09-AUG-25','DD-MON-RR'),to_date('09-AUG-26','DD-MON-RR'),950,32);
Insert into DB999.INSURANCE (INSURANCE_ID,POLICY_NUMBER,COVERAGE_TYPE,START_DATE,END_DATE,PRICE,VEHICLE_ID) values (1033,'654678','Liability',to_date('13-SEP-25','DD-MON-RR'),to_date('13-SEP-26','DD-MON-RR'),640,33);
Insert into DB999.INSURANCE (INSURANCE_ID,POLICY_NUMBER,COVERAGE_TYPE,START_DATE,END_DATE,PRICE,VEHICLE_ID) values (1034,'765789','Comprehensive',to_date('18-OCT-25','DD-MON-RR'),to_date('18-OCT-26','DD-MON-RR'),1250,34);
Insert into DB999.INSURANCE (INSURANCE_ID,POLICY_NUMBER,COVERAGE_TYPE,START_DATE,END_DATE,PRICE,VEHICLE_ID) values (1035,'876890','Collision',to_date('23-NOV-25','DD-MON-RR'),to_date('23-NOV-26','DD-MON-RR'),980,35);
Insert into DB999.INSURANCE (INSURANCE_ID,POLICY_NUMBER,COVERAGE_TYPE,START_DATE,END_DATE,PRICE,VEHICLE_ID) values (1036,'987901','Liability',to_date('28-DEC-25','DD-MON-RR'),to_date('28-DEC-26','DD-MON-RR'),670,36);
Insert into DB999.INSURANCE (INSURANCE_ID,POLICY_NUMBER,COVERAGE_TYPE,START_DATE,END_DATE,PRICE,VEHICLE_ID) values (1037,'109012','Comprehensive',to_date('02-JAN-26','DD-MON-RR'),to_date('02-JAN-27','DD-MON-RR'),1100,37);
Insert into DB999.INSURANCE (INSURANCE_ID,POLICY_NUMBER,COVERAGE_TYPE,START_DATE,END_DATE,PRICE,VEHICLE_ID) values (1038,'211023','Collision',to_date('07-FEB-26','DD-MON-RR'),to_date('07-FEB-27','DD-MON-RR'),860,38);
Insert into DB999.INSURANCE (INSURANCE_ID,POLICY_NUMBER,COVERAGE_TYPE,START_DATE,END_DATE,PRICE,VEHICLE_ID) values (1039,'322034','Liability',to_date('14-MAR-26','DD-MON-RR'),to_date('14-MAR-27','DD-MON-RR'),590,39);
Insert into DB999.INSURANCE (INSURANCE_ID,POLICY_NUMBER,COVERAGE_TYPE,START_DATE,END_DATE,PRICE,VEHICLE_ID) values (1040,'433045','Comprehensive',to_date('19-APR-26','DD-MON-RR'),to_date('19-APR-27','DD-MON-RR'),1200,40);
Insert into DB999.INSURANCE (INSURANCE_ID,POLICY_NUMBER,COVERAGE_TYPE,START_DATE,END_DATE,PRICE,VEHICLE_ID) values (1041,'544056','Collision',to_date('24-MAY-26','DD-MON-RR'),to_date('24-MAY-27','DD-MON-RR'),900,1);
Insert into DB999.INSURANCE (INSURANCE_ID,POLICY_NUMBER,COVERAGE_TYPE,START_DATE,END_DATE,PRICE,VEHICLE_ID) values (1042,'655067','Liability',to_date('28-JUN-26','DD-MON-RR'),to_date('28-JUN-27','DD-MON-RR'),610,2);
Insert into DB999.INSURANCE (INSURANCE_ID,POLICY_NUMBER,COVERAGE_TYPE,START_DATE,END_DATE,PRICE,VEHICLE_ID) values (1043,'766078','Comprehensive',to_date('03-JUL-26','DD-MON-RR'),to_date('03-JUL-27','DD-MON-RR'),1300,3);
Insert into DB999.INSURANCE (INSURANCE_ID,POLICY_NUMBER,COVERAGE_TYPE,START_DATE,END_DATE,PRICE,VEHICLE_ID) values (1044,'877089','Collision',to_date('08-AUG-26','DD-MON-RR'),to_date('08-AUG-27','DD-MON-RR'),950,4);
Insert into DB999.INSURANCE (INSURANCE_ID,POLICY_NUMBER,COVERAGE_TYPE,START_DATE,END_DATE,PRICE,VEHICLE_ID) values (1045,'988100','Liability',to_date('12-SEP-26','DD-MON-RR'),to_date('12-SEP-27','DD-MON-RR'),640,5);
Insert into DB999.INSURANCE (INSURANCE_ID,POLICY_NUMBER,COVERAGE_TYPE,START_DATE,END_DATE,PRICE,VEHICLE_ID) values (1046,'109211','Comprehensive',to_date('17-OCT-26','DD-MON-RR'),to_date('17-OCT-27','DD-MON-RR'),1250,6);
Insert into DB999.INSURANCE (INSURANCE_ID,POLICY_NUMBER,COVERAGE_TYPE,START_DATE,END_DATE,PRICE,VEHICLE_ID) values (1047,'211322','Collision',to_date('22-NOV-26','DD-MON-RR'),to_date('22-NOV-27','DD-MON-RR'),980,7);
Insert into DB999.INSURANCE (INSURANCE_ID,POLICY_NUMBER,COVERAGE_TYPE,START_DATE,END_DATE,PRICE,VEHICLE_ID) values (1048,'322433','Liability',to_date('27-DEC-26','DD-MON-RR'),to_date('27-DEC-27','DD-MON-RR'),670,8);
Insert into DB999.INSURANCE (INSURANCE_ID,POLICY_NUMBER,COVERAGE_TYPE,START_DATE,END_DATE,PRICE,VEHICLE_ID) values (1049,'433544','Comprehensive',to_date('01-JAN-27','DD-MON-RR'),to_date('01-JAN-28','DD-MON-RR'),1100,9);
Insert into DB999.INSURANCE (INSURANCE_ID,POLICY_NUMBER,COVERAGE_TYPE,START_DATE,END_DATE,PRICE,VEHICLE_ID) values (1050,'544655','Collision',to_date('05-FEB-27','DD-MON-RR'),to_date('05-FEB-28','DD-MON-RR'),860,10);
REM INSERTING into DB999.SALES
SET DEFINE OFF;
Insert into DB999.SALES (SALE_ID,CUSTOMER_ID,CAR_INVENTORY_ID,EMPLOYEE_ID,SALE_DATE,PRICE_PAID) values (1101,1,1,1,to_date('02-JAN-23','DD-MON-RR'),25350);
Insert into DB999.SALES (SALE_ID,CUSTOMER_ID,CAR_INVENTORY_ID,EMPLOYEE_ID,SALE_DATE,PRICE_PAID) values (1102,2,2,4,to_date('05-JAN-23','DD-MON-RR'),19845);
Insert into DB999.SALES (SALE_ID,CUSTOMER_ID,CAR_INVENTORY_ID,EMPLOYEE_ID,SALE_DATE,PRICE_PAID) values (1103,3,3,7,to_date('10-JAN-23','DD-MON-RR'),34860);
Insert into DB999.SALES (SALE_ID,CUSTOMER_ID,CAR_INVENTORY_ID,EMPLOYEE_ID,SALE_DATE,PRICE_PAID) values (1104,4,4,10,to_date('15-JAN-23','DD-MON-RR'),43900);
Insert into DB999.SALES (SALE_ID,CUSTOMER_ID,CAR_INVENTORY_ID,EMPLOYEE_ID,SALE_DATE,PRICE_PAID) values (1105,5,5,13,to_date('20-JAN-23','DD-MON-RR'),25735);
Insert into DB999.SALES (SALE_ID,CUSTOMER_ID,CAR_INVENTORY_ID,EMPLOYEE_ID,SALE_DATE,PRICE_PAID) values (1106,6,6,16,to_date('25-JAN-23','DD-MON-RR'),24150);
Insert into DB999.SALES (SALE_ID,CUSTOMER_ID,CAR_INVENTORY_ID,EMPLOYEE_ID,SALE_DATE,PRICE_PAID) values (1107,7,7,19,to_date('30-JAN-23','DD-MON-RR'),58975);
Insert into DB999.SALES (SALE_ID,CUSTOMER_ID,CAR_INVENTORY_ID,EMPLOYEE_ID,SALE_DATE,PRICE_PAID) values (1108,8,8,22,to_date('04-FEB-23','DD-MON-RR'),33730);
Insert into DB999.SALES (SALE_ID,CUSTOMER_ID,CAR_INVENTORY_ID,EMPLOYEE_ID,SALE_DATE,PRICE_PAID) values (1109,9,9,25,to_date('09-FEB-23','DD-MON-RR'),27960);
Insert into DB999.SALES (SALE_ID,CUSTOMER_ID,CAR_INVENTORY_ID,EMPLOYEE_ID,SALE_DATE,PRICE_PAID) values (1110,10,10,28,to_date('14-FEB-23','DD-MON-RR'),41600);
Insert into DB999.SALES (SALE_ID,CUSTOMER_ID,CAR_INVENTORY_ID,EMPLOYEE_ID,SALE_DATE,PRICE_PAID) values (1111,11,11,31,to_date('19-FEB-23','DD-MON-RR'),34185);
Insert into DB999.SALES (SALE_ID,CUSTOMER_ID,CAR_INVENTORY_ID,EMPLOYEE_ID,SALE_DATE,PRICE_PAID) values (1112,12,12,34,to_date('24-FEB-23','DD-MON-RR'),31050);
Insert into DB999.SALES (SALE_ID,CUSTOMER_ID,CAR_INVENTORY_ID,EMPLOYEE_ID,SALE_DATE,PRICE_PAID) values (1113,13,13,37,to_date('28-FEB-23','DD-MON-RR'),44275);
Insert into DB999.SALES (SALE_ID,CUSTOMER_ID,CAR_INVENTORY_ID,EMPLOYEE_ID,SALE_DATE,PRICE_PAID) values (1114,14,14,40,to_date('05-MAR-23','DD-MON-RR'),39780);
Insert into DB999.SALES (SALE_ID,CUSTOMER_ID,CAR_INVENTORY_ID,EMPLOYEE_ID,SALE_DATE,PRICE_PAID) values (1115,15,15,43,to_date('10-MAR-23','DD-MON-RR'),27225);
Insert into DB999.SALES (SALE_ID,CUSTOMER_ID,CAR_INVENTORY_ID,EMPLOYEE_ID,SALE_DATE,PRICE_PAID) values (1116,16,16,46,to_date('15-MAR-23','DD-MON-RR'),22275);
Insert into DB999.SALES (SALE_ID,CUSTOMER_ID,CAR_INVENTORY_ID,EMPLOYEE_ID,SALE_DATE,PRICE_PAID) values (1117,17,17,49,to_date('20-MAR-23','DD-MON-RR'),26250);
Insert into DB999.SALES (SALE_ID,CUSTOMER_ID,CAR_INVENTORY_ID,EMPLOYEE_ID,SALE_DATE,PRICE_PAID) values (1118,18,18,52,to_date('25-MAR-23','DD-MON-RR'),30345);
Insert into DB999.SALES (SALE_ID,CUSTOMER_ID,CAR_INVENTORY_ID,EMPLOYEE_ID,SALE_DATE,PRICE_PAID) values (1119,19,19,55,to_date('30-MAR-23','DD-MON-RR'),51920);
Insert into DB999.SALES (SALE_ID,CUSTOMER_ID,CAR_INVENTORY_ID,EMPLOYEE_ID,SALE_DATE,PRICE_PAID) values (1120,20,20,58,to_date('04-APR-23','DD-MON-RR'),38320);
Insert into DB999.SALES (SALE_ID,CUSTOMER_ID,CAR_INVENTORY_ID,EMPLOYEE_ID,SALE_DATE,PRICE_PAID) values (1121,21,21,1,to_date('09-APR-23','DD-MON-RR'),37485);
Insert into DB999.SALES (SALE_ID,CUSTOMER_ID,CAR_INVENTORY_ID,EMPLOYEE_ID,SALE_DATE,PRICE_PAID) values (1122,22,22,4,to_date('14-APR-23','DD-MON-RR'),35575);
Insert into DB999.SALES (SALE_ID,CUSTOMER_ID,CAR_INVENTORY_ID,EMPLOYEE_ID,SALE_DATE,PRICE_PAID) values (1123,23,23,7,to_date('19-APR-23','DD-MON-RR'),36820);
Insert into DB999.SALES (SALE_ID,CUSTOMER_ID,CAR_INVENTORY_ID,EMPLOYEE_ID,SALE_DATE,PRICE_PAID) values (1124,24,24,10,to_date('24-APR-23','DD-MON-RR'),40780);
Insert into DB999.SALES (SALE_ID,CUSTOMER_ID,CAR_INVENTORY_ID,EMPLOYEE_ID,SALE_DATE,PRICE_PAID) values (1125,25,25,13,to_date('29-APR-23','DD-MON-RR'),27000);
Insert into DB999.SALES (SALE_ID,CUSTOMER_ID,CAR_INVENTORY_ID,EMPLOYEE_ID,SALE_DATE,PRICE_PAID) values (1126,26,26,16,to_date('04-MAY-23','DD-MON-RR'),24840);
Insert into DB999.SALES (SALE_ID,CUSTOMER_ID,CAR_INVENTORY_ID,EMPLOYEE_ID,SALE_DATE,PRICE_PAID) values (1127,27,27,19,to_date('09-MAY-23','DD-MON-RR'),56730);
Insert into DB999.SALES (SALE_ID,CUSTOMER_ID,CAR_INVENTORY_ID,EMPLOYEE_ID,SALE_DATE,PRICE_PAID) values (1128,28,28,22,to_date('14-MAY-23','DD-MON-RR'),36500);
Insert into DB999.SALES (SALE_ID,CUSTOMER_ID,CAR_INVENTORY_ID,EMPLOYEE_ID,SALE_DATE,PRICE_PAID) values (1129,29,29,25,to_date('19-MAY-23','DD-MON-RR'),27720);
Insert into DB999.SALES (SALE_ID,CUSTOMER_ID,CAR_INVENTORY_ID,EMPLOYEE_ID,SALE_DATE,PRICE_PAID) values (1130,30,30,28,to_date('24-MAY-23','DD-MON-RR'),42525);
Insert into DB999.SALES (SALE_ID,CUSTOMER_ID,CAR_INVENTORY_ID,EMPLOYEE_ID,SALE_DATE,PRICE_PAID) values (1131,31,31,31,to_date('29-MAY-23','DD-MON-RR'),36270);
Insert into DB999.SALES (SALE_ID,CUSTOMER_ID,CAR_INVENTORY_ID,EMPLOYEE_ID,SALE_DATE,PRICE_PAID) values (1132,32,32,34,to_date('03-JUN-23','DD-MON-RR'),29925);
Insert into DB999.SALES (SALE_ID,CUSTOMER_ID,CAR_INVENTORY_ID,EMPLOYEE_ID,SALE_DATE,PRICE_PAID) values (1133,33,33,37,to_date('08-JUN-23','DD-MON-RR'),43260);
Insert into DB999.SALES (SALE_ID,CUSTOMER_ID,CAR_INVENTORY_ID,EMPLOYEE_ID,SALE_DATE,PRICE_PAID) values (1134,34,34,40,to_date('13-JUN-23','DD-MON-RR'),38115);
Insert into DB999.SALES (SALE_ID,CUSTOMER_ID,CAR_INVENTORY_ID,EMPLOYEE_ID,SALE_DATE,PRICE_PAID) values (1135,35,35,43,to_date('18-JUN-23','DD-MON-RR'),26550);
Insert into DB999.SALES (SALE_ID,CUSTOMER_ID,CAR_INVENTORY_ID,EMPLOYEE_ID,SALE_DATE,PRICE_PAID) values (1136,36,36,46,to_date('23-JUN-23','DD-MON-RR'),22815);
Insert into DB999.SALES (SALE_ID,CUSTOMER_ID,CAR_INVENTORY_ID,EMPLOYEE_ID,SALE_DATE,PRICE_PAID) values (1137,37,37,49,to_date('28-JUN-23','DD-MON-RR'),24450);
Insert into DB999.SALES (SALE_ID,CUSTOMER_ID,CAR_INVENTORY_ID,EMPLOYEE_ID,SALE_DATE,PRICE_PAID) values (1138,38,38,52,to_date('03-JUL-23','DD-MON-RR'),31960);
Insert into DB999.SALES (SALE_ID,CUSTOMER_ID,CAR_INVENTORY_ID,EMPLOYEE_ID,SALE_DATE,PRICE_PAID) values (1139,39,39,55,to_date('08-JUL-23','DD-MON-RR'),52530);
Insert into DB999.SALES (SALE_ID,CUSTOMER_ID,CAR_INVENTORY_ID,EMPLOYEE_ID,SALE_DATE,PRICE_PAID) values (1140,40,40,58,to_date('13-JUL-23','DD-MON-RR'),39540);
Insert into DB999.SALES (SALE_ID,CUSTOMER_ID,CAR_INVENTORY_ID,EMPLOYEE_ID,SALE_DATE,PRICE_PAID) values (1141,1,1,1,to_date('18-JUL-23','DD-MON-RR'),25080);
Insert into DB999.SALES (SALE_ID,CUSTOMER_ID,CAR_INVENTORY_ID,EMPLOYEE_ID,SALE_DATE,PRICE_PAID) values (1142,2,2,4,to_date('23-JUL-23','DD-MON-RR'),20130);
Insert into DB999.SALES (SALE_ID,CUSTOMER_ID,CAR_INVENTORY_ID,EMPLOYEE_ID,SALE_DATE,PRICE_PAID) values (1143,3,3,7,to_date('28-JUL-23','DD-MON-RR'),35020);
Insert into DB999.SALES (SALE_ID,CUSTOMER_ID,CAR_INVENTORY_ID,EMPLOYEE_ID,SALE_DATE,PRICE_PAID) values (1144,4,4,10,to_date('02-AUG-23','DD-MON-RR'),43250);
Insert into DB999.SALES (SALE_ID,CUSTOMER_ID,CAR_INVENTORY_ID,EMPLOYEE_ID,SALE_DATE,PRICE_PAID) values (1145,5,5,13,to_date('07-AUG-23','DD-MON-RR'),25990);
Insert into DB999.SALES (SALE_ID,CUSTOMER_ID,CAR_INVENTORY_ID,EMPLOYEE_ID,SALE_DATE,PRICE_PAID) values (1146,6,6,16,to_date('12-AUG-23','DD-MON-RR'),23970);
Insert into DB999.SALES (SALE_ID,CUSTOMER_ID,CAR_INVENTORY_ID,EMPLOYEE_ID,SALE_DATE,PRICE_PAID) values (1147,7,7,19,to_date('17-AUG-23','DD-MON-RR'),58210);
Insert into DB999.SALES (SALE_ID,CUSTOMER_ID,CAR_INVENTORY_ID,EMPLOYEE_ID,SALE_DATE,PRICE_PAID) values (1148,8,8,22,to_date('22-AUG-23','DD-MON-RR'),34275);
Insert into DB999.SALES (SALE_ID,CUSTOMER_ID,CAR_INVENTORY_ID,EMPLOYEE_ID,SALE_DATE,PRICE_PAID) values (1149,9,9,25,to_date('27-AUG-23','DD-MON-RR'),27500);
Insert into DB999.SALES (SALE_ID,CUSTOMER_ID,CAR_INVENTORY_ID,EMPLOYEE_ID,SALE_DATE,PRICE_PAID) values (1150,10,10,28,to_date('01-SEP-23','DD-MON-RR'),42000);
Insert into DB999.SALES (SALE_ID,CUSTOMER_ID,CAR_INVENTORY_ID,EMPLOYEE_ID,SALE_DATE,PRICE_PAID) values (1151,11,11,31,to_date('06-SEP-23','DD-MON-RR'),33660);
Insert into DB999.SALES (SALE_ID,CUSTOMER_ID,CAR_INVENTORY_ID,EMPLOYEE_ID,SALE_DATE,PRICE_PAID) values (1152,12,12,34,to_date('11-SEP-23','DD-MON-RR'),30600);
Insert into DB999.SALES (SALE_ID,CUSTOMER_ID,CAR_INVENTORY_ID,EMPLOYEE_ID,SALE_DATE,PRICE_PAID) values (1153,13,13,37,to_date('16-SEP-23','DD-MON-RR'),44850);
Insert into DB999.SALES (SALE_ID,CUSTOMER_ID,CAR_INVENTORY_ID,EMPLOYEE_ID,SALE_DATE,PRICE_PAID) values (1154,14,14,40,to_date('21-SEP-23','DD-MON-RR'),39410);
Insert into DB999.SALES (SALE_ID,CUSTOMER_ID,CAR_INVENTORY_ID,EMPLOYEE_ID,SALE_DATE,PRICE_PAID) values (1155,15,15,43,to_date('26-SEP-23','DD-MON-RR'),27360);
Insert into DB999.SALES (SALE_ID,CUSTOMER_ID,CAR_INVENTORY_ID,EMPLOYEE_ID,SALE_DATE,PRICE_PAID) values (1156,16,16,46,to_date('01-OCT-23','DD-MON-RR'),21870);
Insert into DB999.SALES (SALE_ID,CUSTOMER_ID,CAR_INVENTORY_ID,EMPLOYEE_ID,SALE_DATE,PRICE_PAID) values (1157,17,17,49,to_date('06-OCT-23','DD-MON-RR'),25630);
Insert into DB999.SALES (SALE_ID,CUSTOMER_ID,CAR_INVENTORY_ID,EMPLOYEE_ID,SALE_DATE,PRICE_PAID) values (1158,18,18,52,to_date('11-OCT-23','DD-MON-RR'),30750);
Insert into DB999.SALES (SALE_ID,CUSTOMER_ID,CAR_INVENTORY_ID,EMPLOYEE_ID,SALE_DATE,PRICE_PAID) values (1159,19,19,55,to_date('16-OCT-23','DD-MON-RR'),51540);
Insert into DB999.SALES (SALE_ID,CUSTOMER_ID,CAR_INVENTORY_ID,EMPLOYEE_ID,SALE_DATE,PRICE_PAID) values (1160,20,20,58,to_date('21-OCT-23','DD-MON-RR'),37710);
Insert into DB999.SALES (SALE_ID,CUSTOMER_ID,CAR_INVENTORY_ID,EMPLOYEE_ID,SALE_DATE,PRICE_PAID) values (1161,21,21,1,to_date('26-OCT-23','DD-MON-RR'),37290);
Insert into DB999.SALES (SALE_ID,CUSTOMER_ID,CAR_INVENTORY_ID,EMPLOYEE_ID,SALE_DATE,PRICE_PAID) values (1162,22,22,4,to_date('31-OCT-23','DD-MON-RR'),35780);
Insert into DB999.SALES (SALE_ID,CUSTOMER_ID,CAR_INVENTORY_ID,EMPLOYEE_ID,SALE_DATE,PRICE_PAID) values (1163,23,23,7,to_date('05-NOV-23','DD-MON-RR'),36600);
Insert into DB999.SALES (SALE_ID,CUSTOMER_ID,CAR_INVENTORY_ID,EMPLOYEE_ID,SALE_DATE,PRICE_PAID) values (1164,24,24,10,to_date('10-NOV-23','DD-MON-RR'),40850);
Insert into DB999.SALES (SALE_ID,CUSTOMER_ID,CAR_INVENTORY_ID,EMPLOYEE_ID,SALE_DATE,PRICE_PAID) values (1165,25,25,13,to_date('15-NOV-23','DD-MON-RR'),26650);
Insert into DB999.SALES (SALE_ID,CUSTOMER_ID,CAR_INVENTORY_ID,EMPLOYEE_ID,SALE_DATE,PRICE_PAID) values (1166,26,26,16,to_date('20-NOV-23','DD-MON-RR'),24560);
Insert into DB999.SALES (SALE_ID,CUSTOMER_ID,CAR_INVENTORY_ID,EMPLOYEE_ID,SALE_DATE,PRICE_PAID) values (1167,27,27,19,to_date('25-NOV-23','DD-MON-RR'),56090);
Insert into DB999.SALES (SALE_ID,CUSTOMER_ID,CAR_INVENTORY_ID,EMPLOYEE_ID,SALE_DATE,PRICE_PAID) values (1168,28,28,22,to_date('30-NOV-23','DD-MON-RR'),35900);
Insert into DB999.SALES (SALE_ID,CUSTOMER_ID,CAR_INVENTORY_ID,EMPLOYEE_ID,SALE_DATE,PRICE_PAID) values (1169,29,29,25,to_date('05-DEC-23','DD-MON-RR'),27480);
Insert into DB999.SALES (SALE_ID,CUSTOMER_ID,CAR_INVENTORY_ID,EMPLOYEE_ID,SALE_DATE,PRICE_PAID) values (1170,30,30,28,to_date('10-DEC-23','DD-MON-RR'),43050);
REM INSERTING into DB999.VEHICLES
SET DEFINE OFF;
Insert into DB999.VEHICLES (VEHICLE_ID,MAKE,MODEL,YEAR,COLOR,FACTORY_PRICE) values (1,'Toyota','Camry',2023,'Blue',24000);
Insert into DB999.VEHICLES (VEHICLE_ID,MAKE,MODEL,YEAR,COLOR,FACTORY_PRICE) values (2,'Honda','Accord',2023,'White',26000);
Insert into DB999.VEHICLES (VEHICLE_ID,MAKE,MODEL,YEAR,COLOR,FACTORY_PRICE) values (3,'Nissan','Altima',2022,'Black',23000);
Insert into DB999.VEHICLES (VEHICLE_ID,MAKE,MODEL,YEAR,COLOR,FACTORY_PRICE) values (4,'Ford','Fusion',2021,'Red',21000);
Insert into DB999.VEHICLES (VEHICLE_ID,MAKE,MODEL,YEAR,COLOR,FACTORY_PRICE) values (5,'Chevrolet','Malibu',2022,'Silver',22000);
Insert into DB999.VEHICLES (VEHICLE_ID,MAKE,MODEL,YEAR,COLOR,FACTORY_PRICE) values (6,'Subaru','Legacy',2023,'Gray',25000);
Insert into DB999.VEHICLES (VEHICLE_ID,MAKE,MODEL,YEAR,COLOR,FACTORY_PRICE) values (7,'Hyundai','Sonata',2022,'Blue',23500);
Insert into DB999.VEHICLES (VEHICLE_ID,MAKE,MODEL,YEAR,COLOR,FACTORY_PRICE) values (8,'Kia','Optima',2021,'White',21500);
Insert into DB999.VEHICLES (VEHICLE_ID,MAKE,MODEL,YEAR,COLOR,FACTORY_PRICE) values (9,'Mazda','6',2023,'Black',24000);
Insert into DB999.VEHICLES (VEHICLE_ID,MAKE,MODEL,YEAR,COLOR,FACTORY_PRICE) values (10,'Volkswagen','Passat',2022,'Red',25500);
Insert into DB999.VEHICLES (VEHICLE_ID,MAKE,MODEL,YEAR,COLOR,FACTORY_PRICE) values (11,'BMW','3 Series',2023,'Black',42000);
Insert into DB999.VEHICLES (VEHICLE_ID,MAKE,MODEL,YEAR,COLOR,FACTORY_PRICE) values (12,'Mercedes-Benz','C-Class',2023,'White',45000);
Insert into DB999.VEHICLES (VEHICLE_ID,MAKE,MODEL,YEAR,COLOR,FACTORY_PRICE) values (13,'Audi','A4',2022,'Gray',41000);
Insert into DB999.VEHICLES (VEHICLE_ID,MAKE,MODEL,YEAR,COLOR,FACTORY_PRICE) values (14,'Lexus','IS',2021,'Silver',43000);
Insert into DB999.VEHICLES (VEHICLE_ID,MAKE,MODEL,YEAR,COLOR,FACTORY_PRICE) values (15,'Infiniti','Q50',2022,'Blue',40000);
Insert into DB999.VEHICLES (VEHICLE_ID,MAKE,MODEL,YEAR,COLOR,FACTORY_PRICE) values (16,'Acura','TLX',2023,'Red',38000);
Insert into DB999.VEHICLES (VEHICLE_ID,MAKE,MODEL,YEAR,COLOR,FACTORY_PRICE) values (17,'Cadillac','CT4',2023,'Black',39000);
Insert into DB999.VEHICLES (VEHICLE_ID,MAKE,MODEL,YEAR,COLOR,FACTORY_PRICE) values (18,'Volvo','S60',2022,'White',37000);
Insert into DB999.VEHICLES (VEHICLE_ID,MAKE,MODEL,YEAR,COLOR,FACTORY_PRICE) values (19,'Jaguar','XE',2021,'Gray',46000);
Insert into DB999.VEHICLES (VEHICLE_ID,MAKE,MODEL,YEAR,COLOR,FACTORY_PRICE) values (20,'Alfa Romeo','Giulia',2022,'Blue',45000);
Insert into DB999.VEHICLES (VEHICLE_ID,MAKE,MODEL,YEAR,COLOR,FACTORY_PRICE) values (21,'Toyota','RAV4',2023,'Red',28000);
Insert into DB999.VEHICLES (VEHICLE_ID,MAKE,MODEL,YEAR,COLOR,FACTORY_PRICE) values (22,'Honda','CR-V',2023,'Silver',29000);
Insert into DB999.VEHICLES (VEHICLE_ID,MAKE,MODEL,YEAR,COLOR,FACTORY_PRICE) values (23,'Nissan','Rogue',2022,'Black',27000);
Insert into DB999.VEHICLES (VEHICLE_ID,MAKE,MODEL,YEAR,COLOR,FACTORY_PRICE) values (24,'Ford','Escape',2021,'Blue',25000);
Insert into DB999.VEHICLES (VEHICLE_ID,MAKE,MODEL,YEAR,COLOR,FACTORY_PRICE) values (25,'Chevrolet','Equinox',2022,'White',26000);
Insert into DB999.VEHICLES (VEHICLE_ID,MAKE,MODEL,YEAR,COLOR,FACTORY_PRICE) values (26,'Subaru','Forester',2023,'Gray',27000);
Insert into DB999.VEHICLES (VEHICLE_ID,MAKE,MODEL,YEAR,COLOR,FACTORY_PRICE) values (27,'Hyundai','Tucson',2022,'Red',24000);
Insert into DB999.VEHICLES (VEHICLE_ID,MAKE,MODEL,YEAR,COLOR,FACTORY_PRICE) values (28,'Kia','Sportage',2021,'Silver',23000);
Insert into DB999.VEHICLES (VEHICLE_ID,MAKE,MODEL,YEAR,COLOR,FACTORY_PRICE) values (29,'Mazda','CX-5',2023,'Black',27000);
Insert into DB999.VEHICLES (VEHICLE_ID,MAKE,MODEL,YEAR,COLOR,FACTORY_PRICE) values (30,'Volkswagen','Tiguan',2022,'White',28000);
Insert into DB999.VEHICLES (VEHICLE_ID,MAKE,MODEL,YEAR,COLOR,FACTORY_PRICE) values (31,'BMW','X3',2023,'Gray',52000);
Insert into DB999.VEHICLES (VEHICLE_ID,MAKE,MODEL,YEAR,COLOR,FACTORY_PRICE) values (32,'Mercedes-Benz','GLC',2023,'Blue',54000);
Insert into DB999.VEHICLES (VEHICLE_ID,MAKE,MODEL,YEAR,COLOR,FACTORY_PRICE) values (33,'Audi','Q5',2022,'Red',51000);
Insert into DB999.VEHICLES (VEHICLE_ID,MAKE,MODEL,YEAR,COLOR,FACTORY_PRICE) values (34,'Lexus','NX',2021,'Silver',53000);
Insert into DB999.VEHICLES (VEHICLE_ID,MAKE,MODEL,YEAR,COLOR,FACTORY_PRICE) values (35,'Infiniti','QX50',2022,'Black',50000);
Insert into DB999.VEHICLES (VEHICLE_ID,MAKE,MODEL,YEAR,COLOR,FACTORY_PRICE) values (36,'Acura','RDX',2023,'White',48000);
Insert into DB999.VEHICLES (VEHICLE_ID,MAKE,MODEL,YEAR,COLOR,FACTORY_PRICE) values (37,'Cadillac','XT4',2023,'Gray',49000);
Insert into DB999.VEHICLES (VEHICLE_ID,MAKE,MODEL,YEAR,COLOR,FACTORY_PRICE) values (38,'Volvo','XC60',2022,'Blue',47000);
Insert into DB999.VEHICLES (VEHICLE_ID,MAKE,MODEL,YEAR,COLOR,FACTORY_PRICE) values (39,'Jaguar','F-PACE',2021,'Red',56000);
Insert into DB999.VEHICLES (VEHICLE_ID,MAKE,MODEL,YEAR,COLOR,FACTORY_PRICE) values (40,'Alfa Romeo','Stelvio',2022,'Black',55000);
Insert into DB999.VEHICLES (VEHICLE_ID,MAKE,MODEL,YEAR,COLOR,FACTORY_PRICE) values (41,'Toyota','Camry',2023,'white',26000);
--------------------------------------------------------
--  DDL for Index EMPLOYEE_NAME_JOB_IDX
--------------------------------------------------------

  CREATE INDEX "DB999"."EMPLOYEE_NAME_JOB_IDX" ON "DB999"."DP_EMPLOYEES" ("FIRST_NAME", "JOB_TITLE") 
  PCTFREE 10 INITRANS 2 MAXTRANS 255 COMPUTE STATISTICS 
  STORAGE(INITIAL 65536 NEXT 1048576 MINEXTENTS 1 MAXEXTENTS 2147483645
  PCTINCREASE 0 FREELISTS 1 FREELIST GROUPS 1
  BUFFER_POOL DEFAULT FLASH_CACHE DEFAULT CELL_FLASH_CACHE DEFAULT)
  TABLESPACE "STUDENTS" ;
--------------------------------------------------------
--  DDL for Index INVENTORY_COST_QUANTITY_IDX
--------------------------------------------------------

  CREATE INDEX "DB999"."INVENTORY_COST_QUANTITY_IDX" ON "DB999"."CAR_INVENTORY" ("PURCHASING_COST", "QUANTITY") 
  PCTFREE 10 INITRANS 2 MAXTRANS 255 COMPUTE STATISTICS 
  STORAGE(INITIAL 65536 NEXT 1048576 MINEXTENTS 1 MAXEXTENTS 2147483645
  PCTINCREASE 0 FREELISTS 1 FREELIST GROUPS 1
  BUFFER_POOL DEFAULT FLASH_CACHE DEFAULT CELL_FLASH_CACHE DEFAULT)
  TABLESPACE "STUDENTS" ;
--------------------------------------------------------
--  DDL for Index DEALERSHIPS_PK
--------------------------------------------------------

  CREATE UNIQUE INDEX "DB999"."DEALERSHIPS_PK" ON "DB999"."DEALERSHIPS" ("DEALERSHIP_ID") 
  PCTFREE 10 INITRANS 2 MAXTRANS 255 COMPUTE STATISTICS 
  STORAGE(INITIAL 65536 NEXT 1048576 MINEXTENTS 1 MAXEXTENTS 2147483645
  PCTINCREASE 0 FREELISTS 1 FREELIST GROUPS 1
  BUFFER_POOL DEFAULT FLASH_CACHE DEFAULT CELL_FLASH_CACHE DEFAULT)
  TABLESPACE "STUDENTS" ;
--------------------------------------------------------
--  DDL for Index IDX_DEALERSHIP_CITY_STATE
--------------------------------------------------------

  CREATE INDEX "DB999"."IDX_DEALERSHIP_CITY_STATE" ON "DB999"."DEALERSHIPS" ("CITY", "STATE") 
  PCTFREE 10 INITRANS 2 MAXTRANS 255 COMPUTE STATISTICS 
  STORAGE(INITIAL 65536 NEXT 1048576 MINEXTENTS 1 MAXEXTENTS 2147483645
  PCTINCREASE 0 FREELISTS 1 FREELIST GROUPS 1
  BUFFER_POOL DEFAULT FLASH_CACHE DEFAULT CELL_FLASH_CACHE DEFAULT)
  TABLESPACE "STUDENTS" ;
--------------------------------------------------------
--  DDL for Index IDX_VEHICLE_MAKE_MODEL
--------------------------------------------------------

  CREATE INDEX "DB999"."IDX_VEHICLE_MAKE_MODEL" ON "DB999"."VEHICLES" ("MAKE", "MODEL") 
  PCTFREE 10 INITRANS 2 MAXTRANS 255 COMPUTE STATISTICS 
  STORAGE(INITIAL 65536 NEXT 1048576 MINEXTENTS 1 MAXEXTENTS 2147483645
  PCTINCREASE 0 FREELISTS 1 FREELIST GROUPS 1
  BUFFER_POOL DEFAULT FLASH_CACHE DEFAULT CELL_FLASH_CACHE DEFAULT)
  TABLESPACE "STUDENTS" ;
--------------------------------------------------------
--  DDL for Index SALES_DATE
--------------------------------------------------------

  CREATE INDEX "DB999"."SALES_DATE" ON "DB999"."SALES" ("SALE_DATE") 
  PCTFREE 10 INITRANS 2 MAXTRANS 255 COMPUTE STATISTICS 
  STORAGE(INITIAL 65536 NEXT 1048576 MINEXTENTS 1 MAXEXTENTS 2147483645
  PCTINCREASE 0 FREELISTS 1 FREELIST GROUPS 1
  BUFFER_POOL DEFAULT FLASH_CACHE DEFAULT CELL_FLASH_CACHE DEFAULT)
  TABLESPACE "STUDENTS" ;
--------------------------------------------------------
--  DDL for Index INSURANCE_PK
--------------------------------------------------------

  CREATE UNIQUE INDEX "DB999"."INSURANCE_PK" ON "DB999"."INSURANCE" ("INSURANCE_ID") 
  PCTFREE 10 INITRANS 2 MAXTRANS 255 COMPUTE STATISTICS 
  STORAGE(INITIAL 65536 NEXT 1048576 MINEXTENTS 1 MAXEXTENTS 2147483645
  PCTINCREASE 0 FREELISTS 1 FREELIST GROUPS 1
  BUFFER_POOL DEFAULT FLASH_CACHE DEFAULT CELL_FLASH_CACHE DEFAULT)
  TABLESPACE "STUDENTS" ;
--------------------------------------------------------
--  DDL for Index IDX_INSURANCE_COVERAGE
--------------------------------------------------------

  CREATE INDEX "DB999"."IDX_INSURANCE_COVERAGE" ON "DB999"."INSURANCE" ("COVERAGE_TYPE") 
  PCTFREE 10 INITRANS 2 MAXTRANS 255 COMPUTE STATISTICS 
  STORAGE(INITIAL 65536 NEXT 1048576 MINEXTENTS 1 MAXEXTENTS 2147483645
  PCTINCREASE 0 FREELISTS 1 FREELIST GROUPS 1
  BUFFER_POOL DEFAULT FLASH_CACHE DEFAULT CELL_FLASH_CACHE DEFAULT)
  TABLESPACE "STUDENTS" ;
--------------------------------------------------------
--  DDL for Index IDX_CAR_INVENTORY_DEALERSHIP
--------------------------------------------------------

  CREATE INDEX "DB999"."IDX_CAR_INVENTORY_DEALERSHIP" ON "DB999"."CAR_INVENTORY" ("DEALERSHIP_ID") 
  PCTFREE 10 INITRANS 2 MAXTRANS 255 COMPUTE STATISTICS 
  STORAGE(INITIAL 65536 NEXT 1048576 MINEXTENTS 1 MAXEXTENTS 2147483645
  PCTINCREASE 0 FREELISTS 1 FREELIST GROUPS 1
  BUFFER_POOL DEFAULT FLASH_CACHE DEFAULT CELL_FLASH_CACHE DEFAULT)
  TABLESPACE "STUDENTS" ;
--------------------------------------------------------
--  DDL for Index CAR_INVENTORY_PK
--------------------------------------------------------

  CREATE UNIQUE INDEX "DB999"."CAR_INVENTORY_PK" ON "DB999"."CAR_INVENTORY" ("CAR_INVENTORY_ID") 
  PCTFREE 10 INITRANS 2 MAXTRANS 255 COMPUTE STATISTICS 
  STORAGE(INITIAL 65536 NEXT 1048576 MINEXTENTS 1 MAXEXTENTS 2147483645
  PCTINCREASE 0 FREELISTS 1 FREELIST GROUPS 1
  BUFFER_POOL DEFAULT FLASH_CACHE DEFAULT CELL_FLASH_CACHE DEFAULT)
  TABLESPACE "STUDENTS" ;
--------------------------------------------------------
--  DDL for Index IDX_CUSTOMER_LAST_FIRST
--------------------------------------------------------

  CREATE INDEX "DB999"."IDX_CUSTOMER_LAST_FIRST" ON "DB999"."CUSTOMERS" ("LAST_NAME", "FIRST_NAME") 
  PCTFREE 10 INITRANS 2 MAXTRANS 255 COMPUTE STATISTICS 
  STORAGE(INITIAL 65536 NEXT 1048576 MINEXTENTS 1 MAXEXTENTS 2147483645
  PCTINCREASE 0 FREELISTS 1 FREELIST GROUPS 1
  BUFFER_POOL DEFAULT FLASH_CACHE DEFAULT CELL_FLASH_CACHE DEFAULT)
  TABLESPACE "STUDENTS" ;
--------------------------------------------------------
--  DDL for Index CUSTOMERS_PK
--------------------------------------------------------

  CREATE UNIQUE INDEX "DB999"."CUSTOMERS_PK" ON "DB999"."CUSTOMERS" ("CUSTOMER_ID") 
  PCTFREE 10 INITRANS 2 MAXTRANS 255 COMPUTE STATISTICS 
  STORAGE(INITIAL 65536 NEXT 1048576 MINEXTENTS 1 MAXEXTENTS 2147483645
  PCTINCREASE 0 FREELISTS 1 FREELIST GROUPS 1
  BUFFER_POOL DEFAULT FLASH_CACHE DEFAULT CELL_FLASH_CACHE DEFAULT)
  TABLESPACE "STUDENTS" ;
--------------------------------------------------------
--  DDL for Index VEHICLES_PK
--------------------------------------------------------

  CREATE UNIQUE INDEX "DB999"."VEHICLES_PK" ON "DB999"."VEHICLES" ("VEHICLE_ID") 
  PCTFREE 10 INITRANS 2 MAXTRANS 255 COMPUTE STATISTICS 
  STORAGE(INITIAL 65536 NEXT 1048576 MINEXTENTS 1 MAXEXTENTS 2147483645
  PCTINCREASE 0 FREELISTS 1 FREELIST GROUPS 1
  BUFFER_POOL DEFAULT FLASH_CACHE DEFAULT CELL_FLASH_CACHE DEFAULT)
  TABLESPACE "STUDENTS" ;
--------------------------------------------------------
--  DDL for Index SALES_PK
--------------------------------------------------------

  CREATE UNIQUE INDEX "DB999"."SALES_PK" ON "DB999"."SALES" ("SALE_ID") 
  PCTFREE 10 INITRANS 2 MAXTRANS 255 COMPUTE STATISTICS 
  STORAGE(INITIAL 65536 NEXT 1048576 MINEXTENTS 1 MAXEXTENTS 2147483645
  PCTINCREASE 0 FREELISTS 1 FREELIST GROUPS 1
  BUFFER_POOL DEFAULT FLASH_CACHE DEFAULT CELL_FLASH_CACHE DEFAULT)
  TABLESPACE "STUDENTS" ;
--------------------------------------------------------
--  DDL for Index DP_EMPLOYEES_PK
--------------------------------------------------------

  CREATE UNIQUE INDEX "DB999"."DP_EMPLOYEES_PK" ON "DB999"."DP_EMPLOYEES" ("EMPLOYEE_ID") 
  PCTFREE 10 INITRANS 2 MAXTRANS 255 COMPUTE STATISTICS 
  STORAGE(INITIAL 65536 NEXT 1048576 MINEXTENTS 1 MAXEXTENTS 2147483645
  PCTINCREASE 0 FREELISTS 1 FREELIST GROUPS 1
  BUFFER_POOL DEFAULT FLASH_CACHE DEFAULT CELL_FLASH_CACHE DEFAULT)
  TABLESPACE "STUDENTS" ;
--------------------------------------------------------
--  DDL for Index DEALERSHIP_ZIP_NAME_IDX
--------------------------------------------------------

  CREATE INDEX "DB999"."DEALERSHIP_ZIP_NAME_IDX" ON "DB999"."DEALERSHIPS" ("ZIP_CODE", "NAME") 
  PCTFREE 10 INITRANS 2 MAXTRANS 255 COMPUTE STATISTICS 
  STORAGE(INITIAL 65536 NEXT 1048576 MINEXTENTS 1 MAXEXTENTS 2147483645
  PCTINCREASE 0 FREELISTS 1 FREELIST GROUPS 1
  BUFFER_POOL DEFAULT FLASH_CACHE DEFAULT CELL_FLASH_CACHE DEFAULT)
  TABLESPACE "STUDENTS" ;
--------------------------------------------------------
--  DDL for Index IDX_EMPLOYEE_DEALERSHIP
--------------------------------------------------------

  CREATE INDEX "DB999"."IDX_EMPLOYEE_DEALERSHIP" ON "DB999"."DP_EMPLOYEES" ("DEALERSHIP_ID") 
  PCTFREE 10 INITRANS 2 MAXTRANS 255 COMPUTE STATISTICS 
  STORAGE(INITIAL 65536 NEXT 1048576 MINEXTENTS 1 MAXEXTENTS 2147483645
  PCTINCREASE 0 FREELISTS 1 FREELIST GROUPS 1
  BUFFER_POOL DEFAULT FLASH_CACHE DEFAULT CELL_FLASH_CACHE DEFAULT)
  TABLESPACE "STUDENTS" ;
--------------------------------------------------------
--  DDL for Index DEALERSHIPS_UNIQUE_UK
--------------------------------------------------------

  CREATE UNIQUE INDEX "DB999"."DEALERSHIPS_UNIQUE_UK" ON "DB999"."DEALERSHIPS" ("NAME", "STREET_ADDRESS", "CITY", "STATE", "ZIP_CODE") 
  PCTFREE 10 INITRANS 2 MAXTRANS 255 COMPUTE STATISTICS 
  STORAGE(INITIAL 65536 NEXT 1048576 MINEXTENTS 1 MAXEXTENTS 2147483645
  PCTINCREASE 0 FREELISTS 1 FREELIST GROUPS 1
  BUFFER_POOL DEFAULT FLASH_CACHE DEFAULT CELL_FLASH_CACHE DEFAULT)
  TABLESPACE "STUDENTS" ;
--------------------------------------------------------
--  DDL for Index IDX_SALE_CUSTOMER_EMPLOYEE
--------------------------------------------------------

  CREATE INDEX "DB999"."IDX_SALE_CUSTOMER_EMPLOYEE" ON "DB999"."SALES" ("CUSTOMER_ID", "EMPLOYEE_ID") 
  PCTFREE 10 INITRANS 2 MAXTRANS 255 COMPUTE STATISTICS 
  STORAGE(INITIAL 65536 NEXT 1048576 MINEXTENTS 1 MAXEXTENTS 2147483645
  PCTINCREASE 0 FREELISTS 1 FREELIST GROUPS 1
  BUFFER_POOL DEFAULT FLASH_CACHE DEFAULT CELL_FLASH_CACHE DEFAULT)
  TABLESPACE "STUDENTS" ;
--------------------------------------------------------
--  DDL for Trigger VEHICLES_YEAR_TRG
--------------------------------------------------------

  CREATE OR REPLACE EDITIONABLE TRIGGER "DB999"."VEHICLES_YEAR_TRG" 
BEFORE INSERT ON Vehicles
FOR EACH ROW
BEGIN
    IF (:NEW.year <= 1900 OR :NEW.year > EXTRACT(YEAR FROM SYSDATE)) THEN
        RAISE_APPLICATION_ERROR(-20001, 'The year must be greater than 1900 and less than or equal to the current year.');
    END IF;
END;

/
ALTER TRIGGER "DB999"."VEHICLES_YEAR_TRG" ENABLE;
--------------------------------------------------------
--  Constraints for Table DP_EMPLOYEES
--------------------------------------------------------

  ALTER TABLE "DB999"."DP_EMPLOYEES" ADD CONSTRAINT "DP_EMPLOYEES_PK" PRIMARY KEY ("EMPLOYEE_ID")
  USING INDEX PCTFREE 10 INITRANS 2 MAXTRANS 255 COMPUTE STATISTICS 
  STORAGE(INITIAL 65536 NEXT 1048576 MINEXTENTS 1 MAXEXTENTS 2147483645
  PCTINCREASE 0 FREELISTS 1 FREELIST GROUPS 1
  BUFFER_POOL DEFAULT FLASH_CACHE DEFAULT CELL_FLASH_CACHE DEFAULT)
  TABLESPACE "STUDENTS"  ENABLE;
  ALTER TABLE "DB999"."DP_EMPLOYEES" MODIFY ("EMPLOYEE_ID" NOT NULL ENABLE);
  ALTER TABLE "DB999"."DP_EMPLOYEES" MODIFY ("FIRST_NAME" NOT NULL ENABLE);
  ALTER TABLE "DB999"."DP_EMPLOYEES" MODIFY ("LAST_NAME" NOT NULL ENABLE);
  ALTER TABLE "DB999"."DP_EMPLOYEES" MODIFY ("EMAIL" NOT NULL ENABLE);
  ALTER TABLE "DB999"."DP_EMPLOYEES" MODIFY ("PHONE_NUMBER" NOT NULL ENABLE);
  ALTER TABLE "DB999"."DP_EMPLOYEES" MODIFY ("JOB_TITLE" NOT NULL ENABLE);
  ALTER TABLE "DB999"."DP_EMPLOYEES" MODIFY ("DEALERSHIP_ID" NOT NULL ENABLE);
  ALTER TABLE "DB999"."DP_EMPLOYEES" ADD UNIQUE ("EMAIL")
  USING INDEX PCTFREE 10 INITRANS 2 MAXTRANS 255 COMPUTE STATISTICS 
  STORAGE(INITIAL 65536 NEXT 1048576 MINEXTENTS 1 MAXEXTENTS 2147483645
  PCTINCREASE 0 FREELISTS 1 FREELIST GROUPS 1
  BUFFER_POOL DEFAULT FLASH_CACHE DEFAULT CELL_FLASH_CACHE DEFAULT)
  TABLESPACE "STUDENTS"  ENABLE;
  ALTER TABLE "DB999"."DP_EMPLOYEES" ADD UNIQUE ("PHONE_NUMBER")
  USING INDEX PCTFREE 10 INITRANS 2 MAXTRANS 255 COMPUTE STATISTICS 
  STORAGE(INITIAL 65536 NEXT 1048576 MINEXTENTS 1 MAXEXTENTS 2147483645
  PCTINCREASE 0 FREELISTS 1 FREELIST GROUPS 1
  BUFFER_POOL DEFAULT FLASH_CACHE DEFAULT CELL_FLASH_CACHE DEFAULT)
  TABLESPACE "STUDENTS"  ENABLE;
--------------------------------------------------------
--  Constraints for Table CAR_INVENTORY
--------------------------------------------------------

  ALTER TABLE "DB999"."CAR_INVENTORY" ADD CONSTRAINT "CAR_INVENTORY_PK" PRIMARY KEY ("CAR_INVENTORY_ID")
  USING INDEX PCTFREE 10 INITRANS 2 MAXTRANS 255 COMPUTE STATISTICS 
  STORAGE(INITIAL 65536 NEXT 1048576 MINEXTENTS 1 MAXEXTENTS 2147483645
  PCTINCREASE 0 FREELISTS 1 FREELIST GROUPS 1
  BUFFER_POOL DEFAULT FLASH_CACHE DEFAULT CELL_FLASH_CACHE DEFAULT)
  TABLESPACE "STUDENTS"  ENABLE;
  ALTER TABLE "DB999"."CAR_INVENTORY" ADD CONSTRAINT "CAR_INVENTORY_QUANTITY_CK" CHECK (quantity > 0) ENABLE;
  ALTER TABLE "DB999"."CAR_INVENTORY" MODIFY ("CAR_INVENTORY_ID" NOT NULL ENABLE);
  ALTER TABLE "DB999"."CAR_INVENTORY" MODIFY ("VEHICLE_ID" NOT NULL ENABLE);
  ALTER TABLE "DB999"."CAR_INVENTORY" MODIFY ("DEALERSHIP_ID" NOT NULL ENABLE);
  ALTER TABLE "DB999"."CAR_INVENTORY" MODIFY ("PURCHASING_COST" NOT NULL ENABLE);
  ALTER TABLE "DB999"."CAR_INVENTORY" MODIFY ("QUANTITY" NOT NULL ENABLE);
--------------------------------------------------------
--  Constraints for Table DEALERSHIPS
--------------------------------------------------------

  ALTER TABLE "DB999"."DEALERSHIPS" ADD CONSTRAINT "DEALERSHIPS_PK" PRIMARY KEY ("DEALERSHIP_ID")
  USING INDEX PCTFREE 10 INITRANS 2 MAXTRANS 255 COMPUTE STATISTICS 
  STORAGE(INITIAL 65536 NEXT 1048576 MINEXTENTS 1 MAXEXTENTS 2147483645
  PCTINCREASE 0 FREELISTS 1 FREELIST GROUPS 1
  BUFFER_POOL DEFAULT FLASH_CACHE DEFAULT CELL_FLASH_CACHE DEFAULT)
  TABLESPACE "STUDENTS"  ENABLE;
  ALTER TABLE "DB999"."DEALERSHIPS" ADD CONSTRAINT "DEALERSHIPS_UNIQUE_UK" UNIQUE ("NAME", "STREET_ADDRESS", "CITY", "STATE", "ZIP_CODE")
  USING INDEX PCTFREE 10 INITRANS 2 MAXTRANS 255 COMPUTE STATISTICS 
  STORAGE(INITIAL 65536 NEXT 1048576 MINEXTENTS 1 MAXEXTENTS 2147483645
  PCTINCREASE 0 FREELISTS 1 FREELIST GROUPS 1
  BUFFER_POOL DEFAULT FLASH_CACHE DEFAULT CELL_FLASH_CACHE DEFAULT)
  TABLESPACE "STUDENTS"  ENABLE;
  ALTER TABLE "DB999"."DEALERSHIPS" MODIFY ("DEALERSHIP_ID" NOT NULL ENABLE);
  ALTER TABLE "DB999"."DEALERSHIPS" MODIFY ("NAME" NOT NULL ENABLE);
  ALTER TABLE "DB999"."DEALERSHIPS" MODIFY ("STREET_ADDRESS" NOT NULL ENABLE);
  ALTER TABLE "DB999"."DEALERSHIPS" MODIFY ("CITY" NOT NULL ENABLE);
  ALTER TABLE "DB999"."DEALERSHIPS" MODIFY ("STATE" NOT NULL ENABLE);
  ALTER TABLE "DB999"."DEALERSHIPS" MODIFY ("ZIP_CODE" NOT NULL ENABLE);
  ALTER TABLE "DB999"."DEALERSHIPS" MODIFY ("PHONE_NUMBER" NOT NULL ENABLE);
  ALTER TABLE "DB999"."DEALERSHIPS" ADD UNIQUE ("PHONE_NUMBER")
  USING INDEX PCTFREE 10 INITRANS 2 MAXTRANS 255 COMPUTE STATISTICS 
  STORAGE(INITIAL 65536 NEXT 1048576 MINEXTENTS 1 MAXEXTENTS 2147483645
  PCTINCREASE 0 FREELISTS 1 FREELIST GROUPS 1
  BUFFER_POOL DEFAULT FLASH_CACHE DEFAULT CELL_FLASH_CACHE DEFAULT)
  TABLESPACE "STUDENTS"  ENABLE;
--------------------------------------------------------
--  Constraints for Table SALES
--------------------------------------------------------

  ALTER TABLE "DB999"."SALES" ADD CONSTRAINT "SALES_PK" PRIMARY KEY ("SALE_ID")
  USING INDEX PCTFREE 10 INITRANS 2 MAXTRANS 255 COMPUTE STATISTICS 
  STORAGE(INITIAL 65536 NEXT 1048576 MINEXTENTS 1 MAXEXTENTS 2147483645
  PCTINCREASE 0 FREELISTS 1 FREELIST GROUPS 1
  BUFFER_POOL DEFAULT FLASH_CACHE DEFAULT CELL_FLASH_CACHE DEFAULT)
  TABLESPACE "STUDENTS"  ENABLE;
  ALTER TABLE "DB999"."SALES" MODIFY ("SALE_ID" NOT NULL ENABLE);
  ALTER TABLE "DB999"."SALES" MODIFY ("CUSTOMER_ID" NOT NULL ENABLE);
  ALTER TABLE "DB999"."SALES" MODIFY ("CAR_INVENTORY_ID" NOT NULL ENABLE);
  ALTER TABLE "DB999"."SALES" MODIFY ("EMPLOYEE_ID" NOT NULL ENABLE);
  ALTER TABLE "DB999"."SALES" MODIFY ("SALE_DATE" NOT NULL ENABLE);
  ALTER TABLE "DB999"."SALES" MODIFY ("PRICE_PAID" NOT NULL ENABLE);
--------------------------------------------------------
--  Constraints for Table VEHICLES
--------------------------------------------------------

  ALTER TABLE "DB999"."VEHICLES" MODIFY ("VEHICLE_ID" NOT NULL ENABLE);
  ALTER TABLE "DB999"."VEHICLES" MODIFY ("MAKE" NOT NULL ENABLE);
  ALTER TABLE "DB999"."VEHICLES" MODIFY ("MODEL" NOT NULL ENABLE);
  ALTER TABLE "DB999"."VEHICLES" MODIFY ("YEAR" NOT NULL ENABLE);
  ALTER TABLE "DB999"."VEHICLES" MODIFY ("COLOR" NOT NULL ENABLE);
  ALTER TABLE "DB999"."VEHICLES" MODIFY ("FACTORY_PRICE" NOT NULL ENABLE);
  ALTER TABLE "DB999"."VEHICLES" ADD CONSTRAINT "VEHICLES_PK" PRIMARY KEY ("VEHICLE_ID")
  USING INDEX PCTFREE 10 INITRANS 2 MAXTRANS 255 COMPUTE STATISTICS 
  STORAGE(INITIAL 65536 NEXT 1048576 MINEXTENTS 1 MAXEXTENTS 2147483645
  PCTINCREASE 0 FREELISTS 1 FREELIST GROUPS 1
  BUFFER_POOL DEFAULT FLASH_CACHE DEFAULT CELL_FLASH_CACHE DEFAULT)
  TABLESPACE "STUDENTS"  ENABLE;
--------------------------------------------------------
--  Constraints for Table INSURANCE
--------------------------------------------------------

  ALTER TABLE "DB999"."INSURANCE" ADD CONSTRAINT "INSURANCE_DATES_CK" CHECK (start_date < end_date) ENABLE;
  ALTER TABLE "DB999"."INSURANCE" ADD CONSTRAINT "INSURANCE_PK" PRIMARY KEY ("INSURANCE_ID")
  USING INDEX PCTFREE 10 INITRANS 2 MAXTRANS 255 COMPUTE STATISTICS 
  STORAGE(INITIAL 65536 NEXT 1048576 MINEXTENTS 1 MAXEXTENTS 2147483645
  PCTINCREASE 0 FREELISTS 1 FREELIST GROUPS 1
  BUFFER_POOL DEFAULT FLASH_CACHE DEFAULT CELL_FLASH_CACHE DEFAULT)
  TABLESPACE "STUDENTS"  ENABLE;
  ALTER TABLE "DB999"."INSURANCE" ADD CONSTRAINT "INSURANCE_POLICY_NUMBER_CK" CHECK (REGEXP_LIKE(policy_number, '^\d{6}$')) ENABLE;
  ALTER TABLE "DB999"."INSURANCE" MODIFY ("INSURANCE_ID" NOT NULL ENABLE);
  ALTER TABLE "DB999"."INSURANCE" MODIFY ("POLICY_NUMBER" NOT NULL ENABLE);
  ALTER TABLE "DB999"."INSURANCE" MODIFY ("COVERAGE_TYPE" NOT NULL ENABLE);
  ALTER TABLE "DB999"."INSURANCE" MODIFY ("START_DATE" NOT NULL ENABLE);
  ALTER TABLE "DB999"."INSURANCE" MODIFY ("END_DATE" NOT NULL ENABLE);
  ALTER TABLE "DB999"."INSURANCE" MODIFY ("PRICE" NOT NULL ENABLE);
  ALTER TABLE "DB999"."INSURANCE" MODIFY ("VEHICLE_ID" NOT NULL ENABLE);
  ALTER TABLE "DB999"."INSURANCE" ADD UNIQUE ("POLICY_NUMBER")
  USING INDEX PCTFREE 10 INITRANS 2 MAXTRANS 255 COMPUTE STATISTICS 
  STORAGE(INITIAL 65536 NEXT 1048576 MINEXTENTS 1 MAXEXTENTS 2147483645
  PCTINCREASE 0 FREELISTS 1 FREELIST GROUPS 1
  BUFFER_POOL DEFAULT FLASH_CACHE DEFAULT CELL_FLASH_CACHE DEFAULT)
  TABLESPACE "STUDENTS"  ENABLE;
--------------------------------------------------------
--  Constraints for Table CUSTOMERS
--------------------------------------------------------

  ALTER TABLE "DB999"."CUSTOMERS" ADD CONSTRAINT "CUSTOMERS_PK" PRIMARY KEY ("CUSTOMER_ID")
  USING INDEX PCTFREE 10 INITRANS 2 MAXTRANS 255 COMPUTE STATISTICS 
  STORAGE(INITIAL 65536 NEXT 1048576 MINEXTENTS 1 MAXEXTENTS 2147483645
  PCTINCREASE 0 FREELISTS 1 FREELIST GROUPS 1
  BUFFER_POOL DEFAULT FLASH_CACHE DEFAULT CELL_FLASH_CACHE DEFAULT)
  TABLESPACE "STUDENTS"  ENABLE;
  ALTER TABLE "DB999"."CUSTOMERS" MODIFY ("CUSTOMER_ID" NOT NULL ENABLE);
  ALTER TABLE "DB999"."CUSTOMERS" MODIFY ("FIRST_NAME" NOT NULL ENABLE);
  ALTER TABLE "DB999"."CUSTOMERS" MODIFY ("LAST_NAME" NOT NULL ENABLE);
  ALTER TABLE "DB999"."CUSTOMERS" MODIFY ("EMAIL" NOT NULL ENABLE);
  ALTER TABLE "DB999"."CUSTOMERS" MODIFY ("PHONE_NUMBER" NOT NULL ENABLE);
  ALTER TABLE "DB999"."CUSTOMERS" MODIFY ("STREET_ADDRESS" NOT NULL ENABLE);
  ALTER TABLE "DB999"."CUSTOMERS" MODIFY ("CITY" NOT NULL ENABLE);
  ALTER TABLE "DB999"."CUSTOMERS" MODIFY ("STATE" NOT NULL ENABLE);
  ALTER TABLE "DB999"."CUSTOMERS" MODIFY ("ZIP_CODE" NOT NULL ENABLE);
  ALTER TABLE "DB999"."CUSTOMERS" ADD UNIQUE ("EMAIL")
  USING INDEX PCTFREE 10 INITRANS 2 MAXTRANS 255 COMPUTE STATISTICS 
  STORAGE(INITIAL 65536 NEXT 1048576 MINEXTENTS 1 MAXEXTENTS 2147483645
  PCTINCREASE 0 FREELISTS 1 FREELIST GROUPS 1
  BUFFER_POOL DEFAULT FLASH_CACHE DEFAULT CELL_FLASH_CACHE DEFAULT)
  TABLESPACE "STUDENTS"  ENABLE;
  ALTER TABLE "DB999"."CUSTOMERS" ADD UNIQUE ("PHONE_NUMBER")
  USING INDEX PCTFREE 10 INITRANS 2 MAXTRANS 255 COMPUTE STATISTICS 
  STORAGE(INITIAL 65536 NEXT 1048576 MINEXTENTS 1 MAXEXTENTS 2147483645
  PCTINCREASE 0 FREELISTS 1 FREELIST GROUPS 1
  BUFFER_POOL DEFAULT FLASH_CACHE DEFAULT CELL_FLASH_CACHE DEFAULT)
  TABLESPACE "STUDENTS"  ENABLE;
--------------------------------------------------------
--  Ref Constraints for Table CAR_INVENTORY
--------------------------------------------------------

  ALTER TABLE "DB999"."CAR_INVENTORY" ADD CONSTRAINT "CAR_INVENTORY_DEALERSHIP_FK" FOREIGN KEY ("DEALERSHIP_ID")
	  REFERENCES "DB999"."DEALERSHIPS" ("DEALERSHIP_ID") ON DELETE CASCADE ENABLE;
  ALTER TABLE "DB999"."CAR_INVENTORY" ADD CONSTRAINT "CAR_INVENTORY_VEHICLE_FK" FOREIGN KEY ("VEHICLE_ID")
	  REFERENCES "DB999"."VEHICLES" ("VEHICLE_ID") ENABLE;
--------------------------------------------------------
--  Ref Constraints for Table DP_EMPLOYEES
--------------------------------------------------------

  ALTER TABLE "DB999"."DP_EMPLOYEES" ADD CONSTRAINT "DP_EMPLOYEES_DEALERSHIP_FK" FOREIGN KEY ("DEALERSHIP_ID")
	  REFERENCES "DB999"."DEALERSHIPS" ("DEALERSHIP_ID") ON DELETE CASCADE ENABLE;
--------------------------------------------------------
--  Ref Constraints for Table INSURANCE
--------------------------------------------------------

  ALTER TABLE "DB999"."INSURANCE" ADD CONSTRAINT "INSURANCE_VEHICLE_FK" FOREIGN KEY ("VEHICLE_ID")
	  REFERENCES "DB999"."VEHICLES" ("VEHICLE_ID") ON DELETE CASCADE ENABLE;
--------------------------------------------------------
--  Ref Constraints for Table SALES
--------------------------------------------------------

  ALTER TABLE "DB999"."SALES" ADD CONSTRAINT "SALES_CAR_INVENTORY_FK" FOREIGN KEY ("CAR_INVENTORY_ID")
	  REFERENCES "DB999"."CAR_INVENTORY" ("CAR_INVENTORY_ID") ENABLE;
  ALTER TABLE "DB999"."SALES" ADD CONSTRAINT "SALES_CUSTOMER_FK" FOREIGN KEY ("CUSTOMER_ID")
	  REFERENCES "DB999"."CUSTOMERS" ("CUSTOMER_ID") ON DELETE CASCADE ENABLE;
  ALTER TABLE "DB999"."SALES" ADD CONSTRAINT "SALES_EMPLOYEE_FK" FOREIGN KEY ("EMPLOYEE_ID")
	  REFERENCES "DB999"."DP_EMPLOYEES" ("EMPLOYEE_ID") ENABLE;
